Date,LastTradePrice,Max,Min,Avg. Price,%chg.,Volume,Turnover in BEST,TotalTurnover
12/30/2014,54.00,,,54.00,0.00,0,0,0
12/29/2014,54.00,,,54.00,0.00,0,0,0
12/26/2014,54.00,,,54.00,0.00,0,0,0
12/25/2014,54.00,,,54.00,0.00,0,0,0
12/24/2014,54.00,,,54.00,0.00,0,0,0
12/23/2014,54.00,,,54.00,0.00,0,0,0
12/22/2014,54.00,,,54.00,0.00,0,0,0
12/19/2014,54.00,,,54.00,0.00,0,0,0
12/18/2014,54.00,,,54.00,0.00,0,0,0
12/17/2014,54.00,,,54.00,0.00,0,0,0
12/16/2014,54.00,,,54.00,0.00,0,0,0
12/15/2014,54.00,,,54.00,0.00,0,0,0
12/12/2014,54.00,,,54.00,0.00,0,0,0
12/11/2014,54.00,,,54.00,0.00,0,0,0
12/10/2014,54.00,,,54.00,0.00,0,0,0
12/9/2014,54.00,,,54.00,0.00,0,0,0
12/5/2014,54.00,,,54.00,0.00,0,0,0
12/4/2014,54.00,,,54.00,0.00,0,0,0
12/2/2014,54.00,,,54.00,0.00,0,0,0
12/1/2014,54.00,,,54.00,0.00,0,0,0
11/28/2014,54.00,,,54.00,0.00,0,0,0
11/27/2014,54.00,,,54.00,0.00,0,0,0
11/26/2014,54.00,,,54.00,0.00,0,0,0
11/25/2014,54.00,54.00,54.00,54.00,1.89,50,"2,700","2,700"
11/24/2014,53.00,,,53.00,0.00,0,0,0
11/21/2014,53.00,53.00,53.00,53.00,2.42,50,"2,650","2,650"
11/20/2014,52.00,52.00,50.00,51.75,1.47,877,"45,384","45,384"
11/19/2014,51.00,51.00,51.00,51.00,9.56,50,"2,550","2,550"
11/18/2014,49.00,49.00,46.00,46.55,3.38,"11,000","512,000","512,000"
11/17/2014,46.00,46.00,45.00,45.03,0.07,"11,208","504,675","504,675"
12/29/2016,23.00,,,23.00,0.00,0,0,0
12/28/2016,23.00,,,23.00,0.00,0,0,0
12/27/2016,23.00,,,23.00,0.00,0,0,0
12/26/2016,23.00,,,23.00,0.00,0,0,0
12/23/2016,23.00,,,23.00,0.00,0,0,0
12/22/2016,23.00,,,23.00,0.00,0,0,0
12/21/2016,23.00,,,23.00,0.00,0,0,0
12/20/2016,23.00,,,23.00,0.00,0,0,0
12/19/2016,23.00,,,23.00,0.00,0,0,0
12/16/2016,23.00,23.00,23.00,23.00,0.00,100,"2,300","2,300"
12/15/2016,23.00,23.00,23.00,23.00,0.00,530,"12,190","12,190"
12/14/2016,23.00,23.00,23.00,23.00,-11.54,970,"22,310","22,310"
12/13/2016,26.00,,,26.00,0.00,0,0,0
12/12/2016,26.00,,,26.00,0.00,0,0,0
12/9/2016,26.00,,,26.00,0.00,0,0,0
12/7/2016,26.00,,,26.00,0.00,0,0,0
12/6/2016,26.00,26.00,26.00,26.00,18.18,142,"3,692","3,692"
12/5/2016,22.00,,,22.00,0.00,0,0,0
12/2/2016,22.00,,,22.00,0.00,0,0,0
12/1/2016,22.00,,,22.00,0.00,0,0,0
11/29/2016,22.00,22.00,22.00,22.00,0.00,200,"4,400","4,400"
11/28/2016,22.00,,,22.00,0.00,0,0,0
11/25/2016,22.00,,,22.00,0.00,0,0,0
11/24/2016,22.00,,,22.00,0.00,0,0,0
11/23/2016,22.00,,,22.00,0.00,0,0,0
11/22/2016,22.00,,,22.00,0.00,0,0,0
11/21/2016,22.00,22.00,22.00,22.00,15.79,125,"2,750","2,750"
11/18/2016,19.00,,,19.00,0.00,0,0,0
11/17/2016,19.00,19.00,19.00,19.00,0.00,409,"7,771","7,771"
11/16/2016,19.00,,,19.00,0.00,0,0,0
11/15/2016,19.00,,,19.00,0.00,0,0,0
11/14/2016,19.00,,,19.00,0.00,0,0,0
11/11/2016,19.00,,,19.00,0.00,0,0,0
11/10/2016,19.00,,,19.00,0.00,0,0,0
11/9/2016,19.00,,,19.00,0.00,0,0,0
11/8/2016,19.00,,,19.00,0.00,0,0,0
11/7/2016,19.00,,,19.00,0.00,0,0,0
11/4/2016,19.00,,,19.00,0.00,0,0,0
11/3/2016,19.00,19.00,19.00,19.00,18.75,"11,000","209,000","209,000"
11/2/2016,16.00,,,16.00,0.00,0,0,0
11/1/2016,16.00,,,16.00,0.00,0,0,0
10/31/2016,16.00,,,16.00,0.00,0,0,0
10/28/2016,16.00,,,16.00,0.00,0,0,0
10/27/2016,16.00,,,16.00,0.00,0,0,0
10/26/2016,16.00,,,16.00,0.00,0,0,0
10/25/2016,16.00,,,16.00,0.00,0,0,0
10/21/2016,16.00,16.00,16.00,16.00,6.67,"2,377","38,032","38,032"
10/20/2016,15.00,15.00,15.00,15.00,0.00,"2,000","30,000","30,000"
10/19/2016,15.00,,,15.00,0.00,0,0,0
10/18/2016,15.00,,,15.00,0.00,0,0,0
10/17/2016,15.00,,,15.00,0.00,0,0,0
10/14/2016,15.00,,,15.00,0.00,0,0,0
10/13/2016,15.00,,,15.00,0.00,0,0,0
10/12/2016,15.00,,,15.00,0.00,0,0,0
10/10/2016,15.00,,,15.00,0.00,0,0,0
10/7/2016,15.00,15.00,15.00,15.00,15.38,"15,801","237,015","237,015"
10/6/2016,13.00,13.00,13.00,13.00,-18.75,"60,330","784,290","784,290"
10/5/2016,16.00,,,16.00,0.00,0,0,0
10/4/2016,16.00,,,16.00,0.00,0,0,0
10/3/2016,16.00,,,16.00,0.00,0,0,0
9/30/2016,16.00,,,16.00,0.00,0,0,0
9/29/2016,16.00,,,16.00,0.00,0,0,0
9/28/2016,16.00,,,16.00,0.00,0,0,0
9/27/2016,16.00,,,16.00,0.00,0,0,0
9/26/2016,16.00,,,16.00,0.00,0,0,0
9/23/2016,16.00,16.00,16.00,16.00,0.00,"3,000","48,000","48,000"
9/22/2016,16.00,,,16.00,0.00,0,0,0
9/21/2016,16.00,,,16.00,0.00,0,0,0
9/20/2016,16.00,,,16.00,0.00,0,0,0
9/19/2016,16.00,,,16.00,0.00,0,0,0
9/16/2016,16.00,,,16.00,0.00,0,0,0
9/15/2016,16.00,,,16.00,0.00,0,0,0
9/14/2016,16.00,,,16.00,0.00,0,0,0
9/13/2016,16.00,,,16.00,0.00,0,0,0
9/12/2016,16.00,,,16.00,0.00,0,0,0
9/9/2016,16.00,,,16.00,0.00,0,0,0
9/7/2016,16.00,,,16.00,0.00,0,0,0
9/6/2016,16.00,,,16.00,0.00,0,0,0
9/5/2016,16.00,,,16.00,0.00,0,0,0
9/2/2016,16.00,,,16.00,0.00,0,0,0
9/1/2016,16.00,,,16.00,0.00,0,0,0
8/31/2016,16.00,,,16.00,0.00,0,0,0
8/30/2016,16.00,,,16.00,0.00,0,0,0
8/29/2016,16.00,,,16.00,0.00,0,0,0
8/26/2016,16.00,,,16.00,0.00,0,0,0
8/25/2016,16.00,,,16.00,0.00,0,0,0
8/24/2016,16.00,,,16.00,0.00,0,0,0
8/23/2016,16.00,,,16.00,0.00,0,0,0
8/22/2016,16.00,,,16.00,0.00,0,0,0
8/19/2016,16.00,,,16.00,0.00,0,0,0
8/18/2016,16.00,16.00,16.00,16.00,0.00,"2,457","39,312","39,312"
8/17/2016,16.00,16.00,16.00,16.00,0.00,900,"14,400","14,400"
8/16/2016,16.00,,,16.00,0.00,0,0,0
8/15/2016,16.00,,,16.00,0.00,0,0,0
8/12/2016,16.00,,,16.00,0.00,0,0,0
8/11/2016,16.00,,,16.00,0.00,0,0,0
8/10/2016,16.00,,,16.00,0.00,0,0,0
8/9/2016,16.00,,,16.00,0.00,0,0,0
8/8/2016,16.00,,,16.00,0.00,0,0,0
8/5/2016,16.00,,,16.00,0.00,0,0,0
8/4/2016,16.00,,,16.00,0.00,0,0,0
8/3/2016,16.00,,,16.00,0.00,0,0,0
8/1/2016,16.00,,,16.00,0.00,0,0,0
7/29/2016,16.00,,,16.00,0.00,0,0,0
7/28/2016,16.00,,,16.00,0.00,0,0,0
7/27/2016,16.00,,,16.00,0.00,0,0,0
7/26/2016,16.00,,,16.00,0.00,0,0,0
7/25/2016,16.00,,,16.00,0.00,0,0,0
7/22/2016,16.00,,,16.00,0.00,0,0,0
7/21/2016,16.00,,,16.00,0.00,0,0,0
7/20/2016,16.00,,,16.00,0.00,0,0,0
7/19/2016,16.00,,,16.00,0.00,0,0,0
7/18/2016,16.00,,,16.00,0.00,0,0,0
7/15/2016,16.00,,,16.00,0.00,0,0,0
7/14/2016,16.00,,,16.00,0.00,0,0,0
7/13/2016,16.00,16.00,16.00,16.00,0.00,600,"9,600","9,600"
7/12/2016,16.00,,,16.00,0.00,0,0,0
7/11/2016,16.00,,,16.00,0.00,0,0,0
7/8/2016,16.00,,,16.00,0.00,0,0,0
7/7/2016,16.00,,,16.00,0.00,0,0,0
7/6/2016,16.00,,,16.00,0.00,0,0,0
7/4/2016,16.00,,,16.00,0.00,0,0,0
7/1/2016,16.00,,,16.00,0.00,0,0,0
6/30/2016,16.00,,,16.00,0.00,0,0,0
6/29/2016,16.00,,,16.00,0.00,0,0,0
6/28/2016,16.00,,,16.00,0.00,0,0,0
6/27/2016,16.00,,,16.00,0.00,0,0,0
6/24/2016,16.00,,,16.00,0.00,0,0,0
6/23/2016,16.00,,,16.00,0.00,0,0,0
6/22/2016,16.00,,,16.00,0.00,0,0,0
6/21/2016,16.00,,,16.00,0.00,0,0,0
6/20/2016,16.00,,,16.00,0.00,0,0,0
6/16/2016,16.00,16.00,16.00,16.00,0.00,"2,000","32,000","32,000"
6/15/2016,16.00,,,16.00,0.00,0,0,0
6/14/2016,16.00,,,16.00,0.00,0,0,0
6/13/2016,16.00,,,16.00,0.00,0,0,0
6/10/2016,16.00,,,16.00,0.00,0,0,0
6/9/2016,16.00,,,16.00,0.00,0,0,0
6/8/2016,16.00,,,16.00,0.00,0,0,0
6/7/2016,16.00,,,16.00,0.00,0,0,0
6/6/2016,16.00,,,16.00,0.00,0,0,0
6/3/2016,16.00,,,16.00,0.00,0,0,0
6/2/2016,16.00,16.00,16.00,16.00,0.00,950,"15,200","15,200"
6/1/2016,16.00,,,16.00,0.00,0,0,0
5/31/2016,16.00,,,16.00,0.00,0,0,0
5/30/2016,16.00,,,16.00,0.00,0,0,0
5/27/2016,16.00,,,16.00,0.00,0,0,0
5/26/2016,16.00,,,16.00,0.00,0,0,0
5/25/2016,16.00,,,16.00,0.00,0,0,0
5/23/2016,16.00,,,16.00,0.00,0,0,0
5/20/2016,16.00,,,16.00,0.00,0,0,0
5/19/2016,16.00,,,16.00,0.00,0,0,0
5/18/2016,16.00,,,16.00,0.00,0,0,0
5/17/2016,16.00,,,16.00,0.00,0,0,0
5/16/2016,16.00,,,16.00,0.00,0,0,0
5/13/2016,16.00,16.00,16.00,16.00,6.67,"4,230","67,680","67,680"
5/12/2016,15.00,,,15.00,0.00,0,0,0
5/11/2016,15.00,,,15.00,0.00,0,0,0
5/10/2016,15.00,,,15.00,0.00,0,0,0
5/9/2016,15.00,,,15.00,0.00,0,0,0
5/6/2016,15.00,,,15.00,0.00,0,0,0
5/5/2016,15.00,,,15.00,0.00,0,0,0
5/4/2016,15.00,15.00,15.00,15.00,-6.25,125,"1,875","1,875"
5/3/2016,16.00,,,16.00,0.00,0,0,0
4/28/2016,16.00,,,16.00,0.00,0,0,0
4/27/2016,16.00,,,16.00,0.00,0,0,0
4/26/2016,16.00,,,16.00,0.00,0,0,0
4/25/2016,16.00,,,16.00,0.00,0,0,0
4/22/2016,16.00,,,16.00,0.00,0,0,0
4/21/2016,16.00,,,16.00,0.00,0,0,0
4/20/2016,16.00,,,16.00,0.00,0,0,0
4/19/2016,16.00,,,16.00,0.00,0,0,0
4/18/2016,16.00,,,16.00,0.00,0,0,0
4/15/2016,16.00,16.00,16.00,16.00,6.67,"2,914","46,624","46,624"
4/14/2016,15.00,15.00,15.00,15.00,0.00,250,"3,750","3,750"
4/13/2016,15.00,,,15.00,0.00,0,0,0
4/12/2016,15.00,15.00,15.00,15.00,0.00,801,"12,015","12,015"
4/11/2016,15.00,,,15.00,0.00,0,0,0
4/8/2016,15.00,,,15.00,0.00,0,0,0
4/7/2016,15.00,,,15.00,0.00,0,0,0
4/6/2016,15.00,,,15.00,0.00,0,0,0
4/5/2016,15.00,15.00,15.00,15.00,0.00,"33,000","495,000","495,000"
4/4/2016,15.00,,,15.00,0.00,0,0,0
4/1/2016,15.00,,,15.00,0.00,0,0,0
3/31/2016,15.00,,,15.00,0.00,0,0,0
3/30/2016,15.00,,,15.00,0.00,0,0,0
3/29/2016,15.00,,,15.00,0.00,0,0,0
3/28/2016,15.00,,,15.00,0.00,0,0,0
3/25/2016,15.00,,,15.00,0.00,0,0,0
3/24/2016,15.00,15.00,15.00,15.00,-6.25,100,"1,500","1,500"
3/23/2016,16.00,,,16.00,0.00,0,0,0
3/22/2016,16.00,16.00,16.00,16.00,-20.00,"2,000","32,000","32,000"
3/21/2016,20.00,,,20.00,0.00,0,0,0
3/18/2016,20.00,,,20.00,0.00,0,0,0
3/17/2016,20.00,,,20.00,0.00,0,0,0
3/16/2016,20.00,20.00,20.00,20.00,0.00,852,"17,040","17,040"
3/15/2016,20.00,,,20.00,0.00,0,0,0
3/14/2016,20.00,,,20.00,0.00,0,0,0
3/11/2016,20.00,20.00,20.00,20.00,0.00,"1,601","32,020","32,020"
3/10/2016,20.00,,,20.00,0.00,0,0,0
3/9/2016,20.00,,,20.00,0.00,0,0,0
3/8/2016,20.00,,,20.00,0.00,0,0,0
3/7/2016,20.00,20.00,20.00,20.00,0.00,860,"17,200","17,200"
3/4/2016,20.00,,,20.00,0.00,0,0,0
3/3/2016,20.00,20.00,20.00,20.00,0.00,885,"17,700","17,700"
3/2/2016,20.00,,,20.00,0.00,0,0,0
3/1/2016,20.00,,,20.00,0.00,0,0,0
2/29/2016,20.00,,,20.00,0.00,0,0,0
2/26/2016,20.00,,,20.00,0.00,0,0,0
2/25/2016,20.00,,,20.00,0.00,0,0,0
2/24/2016,20.00,,,20.00,0.00,0,0,0
2/23/2016,20.00,,,20.00,0.00,0,0,0
2/22/2016,20.00,,,20.00,0.00,0,0,0
2/19/2016,20.00,,,20.00,0.00,0,0,0
2/18/2016,20.00,20.00,20.00,20.00,0.00,70,"1,400","1,400"
2/17/2016,20.00,,,20.00,0.00,0,0,0
2/16/2016,20.00,,,20.00,0.00,0,0,0
2/15/2016,20.00,,,20.00,0.00,0,0,0
2/12/2016,20.00,,,20.00,0.00,0,0,0
2/11/2016,20.00,,,20.00,0.00,0,0,0
2/10/2016,20.00,20.00,20.00,20.00,0.00,100,"2,000","2,000"
2/9/2016,20.00,20.00,20.00,20.00,0.00,200,"4,000","4,000"
2/8/2016,20.00,,,20.00,0.00,0,0,0
2/5/2016,20.00,,,20.00,0.00,0,0,0
2/4/2016,20.00,,,20.00,0.00,0,0,0
2/3/2016,20.00,,,20.00,0.00,0,0,0
2/2/2016,20.00,20.00,20.00,20.00,0.00,240,"4,800","4,800"
2/1/2016,20.00,,,20.00,0.00,0,0,0
1/29/2016,20.00,,,20.00,0.00,0,0,0
1/28/2016,20.00,,,20.00,0.00,0,0,0
1/27/2016,20.00,20.00,20.00,20.00,0.00,423,"8,460","8,460"
1/26/2016,20.00,,,20.00,0.00,0,0,0
1/25/2016,20.00,,,20.00,0.00,0,0,0
1/22/2016,20.00,,,20.00,0.00,0,0,0
1/21/2016,20.00,,,20.00,0.00,0,0,0
1/20/2016,20.00,,,20.00,0.00,0,0,0
1/18/2016,20.00,,,20.00,0.00,0,0,0
1/15/2016,20.00,,,20.00,0.00,0,0,0
1/14/2016,20.00,,,20.00,0.00,0,0,0
1/13/2016,20.00,20.00,20.00,20.00,0.00,"1,500","30,000","30,000"
1/12/2016,20.00,,,20.00,0.00,0,0,0
1/11/2016,20.00,,,20.00,0.00,0,0,0
1/8/2016,20.00,,,20.00,0.00,0,0,0
1/5/2016,20.00,,,20.00,0.00,0,0,0
1/4/2016,20.00,,,20.00,0.00,0,0,0
12/30/2015,20.00,20.00,20.00,20.00,0.00,960,"19,200","19,200"
12/29/2015,20.00,,,20.00,0.00,0,0,0
12/28/2015,20.00,20.00,20.00,20.00,0.00,817,"16,340","16,340"
12/25/2015,20.00,,,20.00,0.00,0,0,0
12/24/2015,20.00,,,20.00,0.00,0,0,0
12/23/2015,20.00,20.00,20.00,20.00,0.00,"1,000","20,000","20,000"
12/22/2015,20.00,20.00,20.00,20.00,-4.76,200,"4,000","4,000"
12/21/2015,21.00,,,21.00,0.00,0,0,0
12/18/2015,21.00,,,21.00,0.00,0,0,0
12/17/2015,21.00,,,21.00,0.00,0,0,0
12/16/2015,21.00,,,21.00,0.00,0,0,0
12/15/2015,21.00,,,21.00,0.00,0,0,0
12/14/2015,21.00,21.00,21.00,21.00,0.00,679,"14,259","14,259"
12/11/2015,21.00,,,21.00,0.00,0,0,0
12/10/2015,21.00,,,21.00,0.00,0,0,0
12/9/2015,21.00,,,21.00,0.00,0,0,0
12/7/2015,21.00,,,21.00,0.00,0,0,0
12/4/2015,21.00,,,21.00,0.00,0,0,0
12/3/2015,21.00,,,21.00,0.00,0,0,0
12/1/2015,21.00,,,21.00,0.00,0,0,0
11/30/2015,21.00,,,21.00,0.00,0,0,0
11/27/2015,21.00,21.00,21.00,21.00,0.00,"1,705","35,805","35,805"
11/26/2015,21.00,,,21.00,0.00,0,0,0
11/25/2015,21.00,,,21.00,0.00,0,0,0
11/24/2015,21.00,,,21.00,0.00,0,0,0
11/23/2015,21.00,21.00,21.00,21.00,0.00,386,"8,106","8,106"
11/20/2015,21.00,21.00,21.00,21.00,-4.55,64,"1,344","1,344"
11/19/2015,22.00,,,22.00,0.00,0,0,0
11/18/2015,22.00,,,22.00,0.00,0,0,0
11/17/2015,22.00,,,22.00,0.00,0,0,0
11/16/2015,22.00,22.00,22.00,22.00,0.00,"5,000","110,000","110,000"
11/13/2015,22.00,,,22.00,0.00,0,0,0
11/12/2015,22.00,,,22.00,0.00,0,0,0
11/11/2015,22.00,,,22.00,0.00,0,0,0
11/10/2015,22.00,22.00,22.00,22.00,4.76,416,"9,152","9,152"
11/9/2015,21.00,,,21.00,0.00,0,0,0
11/6/2015,21.00,,,21.00,0.00,0,0,0
11/5/2015,21.00,,,21.00,0.00,0,0,0
11/4/2015,21.00,,,21.00,0.00,0,0,0
11/3/2015,21.00,,,21.00,0.00,0,0,0
11/2/2015,21.00,21.00,21.00,21.00,0.00,334,"7,014","7,014"
10/30/2015,21.00,,,21.00,0.00,0,0,0
10/29/2015,21.00,,,21.00,0.00,0,0,0
10/28/2015,21.00,,,21.00,0.00,0,0,0
10/27/2015,21.00,,,21.00,0.00,0,0,0
10/26/2015,21.00,,,21.00,0.00,0,0,0
10/22/2015,21.00,,,21.00,0.00,0,0,0
10/21/2015,21.00,,,21.00,0.00,0,0,0
10/20/2015,21.00,,,21.00,0.00,0,0,0
10/19/2015,21.00,21.00,21.00,21.00,0.00,100,"2,100","2,100"
10/16/2015,21.00,,,21.00,0.00,0,0,0
10/15/2015,21.00,21.00,21.00,21.00,0.00,250,"5,250","5,250"
10/14/2015,21.00,,,21.00,0.00,0,0,0
10/13/2015,21.00,,,21.00,0.00,0,0,0
10/9/2015,21.00,,,21.00,0.00,0,0,0
10/8/2015,21.00,,,21.00,0.00,0,0,0
10/7/2015,21.00,,,21.00,0.00,0,0,0
10/6/2015,21.00,,,21.00,0.00,0,0,0
10/5/2015,21.00,,,21.00,0.00,0,0,0
10/2/2015,21.00,,,21.00,0.00,0,0,0
10/1/2015,21.00,,,21.00,0.00,0,0,0
9/30/2015,21.00,,,21.00,0.00,0,0,0
9/29/2015,21.00,,,21.00,0.00,0,0,0
9/28/2015,21.00,,,21.00,0.00,0,0,0
9/25/2015,21.00,,,21.00,0.00,0,0,0
9/24/2015,21.00,21.00,21.00,21.00,0.00,"1,600","33,600","33,600"
9/23/2015,21.00,,,21.00,0.00,0,0,0
9/22/2015,21.00,,,21.00,0.00,0,0,0
9/21/2015,21.00,,,21.00,0.00,0,0,0
9/18/2015,21.00,,,21.00,0.00,0,0,0
9/17/2015,21.00,,,21.00,0.00,0,0,0
9/16/2015,21.00,,,21.00,0.00,0,0,0
9/15/2015,21.00,21.00,21.00,21.00,0.00,200,"4,200","4,200"
9/14/2015,21.00,21.00,21.00,21.00,0.00,200,"4,200","4,200"
9/11/2015,21.00,,,21.00,0.00,0,0,0
9/10/2015,21.00,,,21.00,0.00,0,0,0
9/9/2015,21.00,,,21.00,0.00,0,0,0
9/7/2015,21.00,21.00,21.00,21.00,0.00,200,"4,200","4,200"
9/4/2015,21.00,,,21.00,0.00,0,0,0
9/3/2015,21.00,21.00,21.00,21.00,5.00,400,"8,400","8,400"
9/2/2015,20.00,,,20.00,0.00,0,0,0
9/1/2015,20.00,,,20.00,0.00,0,0,0
8/31/2015,20.00,20.00,20.00,20.00,-33.33,750,"15,000","15,000"
8/27/2015,30.00,,,30.00,0.00,0,0,0
8/26/2015,30.00,,,30.00,0.00,0,0,0
8/25/2015,30.00,,,30.00,0.00,0,0,0
8/24/2015,30.00,,,30.00,0.00,0,0,0
8/21/2015,30.00,,,30.00,0.00,0,0,0
8/20/2015,30.00,30.00,30.00,30.00,15.38,588,"17,640","17,640"
8/19/2015,26.00,26.00,26.00,26.00,0.00,200,"5,200","5,200"
8/18/2015,26.00,,,26.00,0.00,0,0,0
8/17/2015,26.00,,,26.00,0.00,0,0,0
8/14/2015,26.00,,,26.00,0.00,0,0,0
8/13/2015,26.00,,,26.00,0.00,0,0,0
8/12/2015,26.00,,,26.00,0.00,0,0,0
8/11/2015,26.00,,,26.00,0.00,0,0,0
8/10/2015,26.00,26.00,26.00,26.00,4.00,"1,000","26,000","26,000"
8/7/2015,25.00,,,25.00,0.00,0,0,0
8/6/2015,25.00,,,25.00,0.00,0,0,0
8/5/2015,25.00,,,25.00,0.00,0,0,0
8/4/2015,25.00,25.00,25.00,25.00,0.00,135,"3,375","3,375"
7/31/2015,25.00,,,25.00,0.00,0,0,0
7/30/2015,25.00,25.00,25.00,25.00,0.00,686,"17,150","17,150"
7/29/2015,25.00,,,25.00,0.00,0,0,0
7/28/2015,25.00,,,25.00,0.00,0,0,0
7/27/2015,25.00,,,25.00,0.00,0,0,0
7/24/2015,25.00,,,25.00,0.00,0,0,0
7/23/2015,25.00,,,25.00,0.00,0,0,0
7/22/2015,25.00,,,25.00,0.00,0,0,0
7/21/2015,25.00,,,25.00,0.00,0,0,0
7/20/2015,25.00,,,25.00,0.00,0,0,0
7/16/2015,25.00,,,25.00,0.00,0,0,0
7/15/2015,25.00,,,25.00,0.00,0,0,0
7/14/2015,25.00,25.00,25.00,25.00,-3.85,416,"10,400","10,400"
7/13/2015,26.00,26.00,26.00,26.00,4.00,400,"10,400","10,400"
7/10/2015,25.00,,,25.00,0.00,0,0,0
7/9/2015,25.00,,,25.00,0.00,0,0,0
7/8/2015,25.00,25.00,25.00,25.00,0.00,350,"8,750","8,750"
7/7/2015,25.00,,,25.00,0.00,0,0,0
7/6/2015,25.00,,,25.00,0.00,0,0,0
7/3/2015,25.00,,,25.00,0.00,0,0,0
7/2/2015,25.00,,,25.00,0.00,0,0,0
7/1/2015,25.00,,,25.00,0.00,0,0,0
6/30/2015,25.00,,,25.00,0.00,0,0,0
6/29/2015,25.00,,,25.00,0.00,0,0,0
6/26/2015,25.00,,,25.00,0.00,0,0,0
6/25/2015,25.00,,,25.00,0.00,0,0,0
6/24/2015,25.00,25.00,25.00,25.00,-7.41,610,"15,250","15,250"
6/23/2015,27.00,,,27.00,0.00,0,0,0
6/22/2015,27.00,,,27.00,0.00,0,0,0
6/19/2015,27.00,,,27.00,0.00,0,0,0
6/18/2015,27.00,,,27.00,0.00,0,0,0
6/17/2015,27.00,,,27.00,0.00,0,0,0
6/16/2015,27.00,,,27.00,0.00,0,0,0
6/15/2015,27.00,27.00,27.00,27.00,0.00,580,"15,660","15,660"
6/12/2015,27.00,,,27.00,0.00,0,0,0
6/11/2015,27.00,,,27.00,0.00,0,0,0
6/10/2015,27.00,,,27.00,0.00,0,0,0
6/9/2015,27.00,27.00,27.00,27.00,8.00,"1,000","27,000","27,000"
6/8/2015,25.00,25.00,25.00,25.00,-3.85,"7,000","175,000","175,000"
6/5/2015,26.00,26.00,26.00,26.00,0.00,70,"1,820","1,820"
6/4/2015,26.00,,,26.00,0.00,0,0,0
6/3/2015,26.00,,,26.00,0.00,0,0,0
6/2/2015,26.00,,,26.00,0.00,0,0,0
6/1/2015,26.00,,,26.00,0.00,0,0,0
5/28/2015,26.00,,,26.00,0.00,0,0,0
5/27/2015,26.00,,,26.00,0.00,0,0,0
5/26/2015,26.00,26.00,26.00,26.00,0.00,500,"13,000","13,000"
5/22/2015,26.00,26.00,26.00,26.00,-10.34,"1,310","34,060","34,060"
5/21/2015,29.00,,,29.00,0.00,0,0,0
5/20/2015,29.00,,,29.00,0.00,0,0,0
5/19/2015,29.00,29.00,29.00,29.00,16.00,600,"17,400","17,400"
5/18/2015,25.00,,,25.00,0.00,0,0,0
5/15/2015,25.00,,,25.00,0.00,0,0,0
5/14/2015,25.00,,,25.00,0.00,0,0,0
5/13/2015,25.00,,,25.00,0.00,0,0,0
5/12/2015,25.00,,,25.00,0.00,0,0,0
5/11/2015,25.00,,,25.00,0.00,0,0,0
5/8/2015,25.00,,,25.00,0.00,0,0,0
5/7/2015,25.00,,,25.00,0.00,0,0,0
5/6/2015,25.00,,,25.00,0.00,0,0,0
5/5/2015,25.00,25.00,25.00,25.00,0.00,200,"5,000","5,000"
5/4/2015,25.00,,,25.00,0.00,0,0,0
4/30/2015,25.00,,,25.00,0.00,0,0,0
4/29/2015,25.00,,,25.00,0.00,0,0,0
4/28/2015,25.00,,,25.00,0.00,0,0,0
4/27/2015,25.00,,,25.00,0.00,0,0,0
4/24/2015,25.00,,,25.00,0.00,0,0,0
4/23/2015,25.00,25.00,25.00,25.00,0.00,200,"5,000","5,000"
4/22/2015,25.00,,,25.00,0.00,0,0,0
4/21/2015,25.00,,,25.00,0.00,0,0,0
4/20/2015,25.00,,,25.00,0.00,0,0,0
4/17/2015,25.00,,,25.00,0.00,0,0,0
4/16/2015,25.00,,,25.00,0.00,0,0,0
4/15/2015,25.00,,,25.00,0.00,0,0,0
4/14/2015,25.00,25.00,25.00,25.00,-40.48,"1,300","32,500","32,500"
4/9/2015,42.00,,,42.00,0.00,0,0,0
4/8/2015,42.00,,,42.00,0.00,0,0,0
4/7/2015,42.00,,,42.00,0.00,0,0,0
4/6/2015,42.00,,,42.00,0.00,0,0,0
4/3/2015,42.00,,,42.00,0.00,0,0,0
4/2/2015,42.00,,,42.00,0.00,0,0,0
4/1/2015,42.00,,,42.00,0.00,0,0,0
3/31/2015,42.00,,,42.00,0.00,0,0,0
3/30/2015,42.00,,,42.00,0.00,0,0,0
3/27/2015,42.00,,,42.00,0.00,0,0,0
3/26/2015,42.00,,,42.00,0.00,0,0,0
3/25/2015,42.00,,,42.00,0.00,0,0,0
3/24/2015,42.00,,,42.00,0.00,0,0,0
3/23/2015,42.00,,,42.00,0.00,0,0,0
3/20/2015,42.00,,,42.00,0.00,0,0,0
3/19/2015,42.00,,,42.00,0.00,0,0,0
3/18/2015,42.00,,,42.00,0.00,0,0,0
3/17/2015,42.00,,,42.00,0.00,0,0,0
3/16/2015,42.00,,,42.00,0.00,0,0,0
3/13/2015,42.00,,,42.00,0.00,0,0,0
3/12/2015,42.00,,,42.00,0.00,0,0,0
3/11/2015,42.00,,,42.00,0.00,0,0,0
3/10/2015,42.00,,,42.00,0.00,0,0,0
3/9/2015,42.00,,,42.00,0.00,0,0,0
3/6/2015,42.00,,,42.00,0.00,0,0,0
3/5/2015,42.00,,,42.00,0.00,0,0,0
3/4/2015,42.00,,,42.00,0.00,0,0,0
3/3/2015,42.00,,,42.00,0.00,0,0,0
3/2/2015,42.00,,,42.00,0.00,0,0,0
2/27/2015,42.00,,,42.00,0.00,0,0,0
2/26/2015,42.00,,,42.00,0.00,0,0,0
2/25/2015,42.00,,,42.00,0.00,0,0,0
2/24/2015,42.00,,,42.00,0.00,0,0,0
2/23/2015,42.00,,,42.00,0.00,0,0,0
2/20/2015,42.00,,,42.00,0.00,0,0,0
2/19/2015,42.00,,,42.00,0.00,0,0,0
2/18/2015,42.00,,,42.00,0.00,0,0,0
2/17/2015,42.00,,,42.00,0.00,0,0,0
2/16/2015,42.00,,,42.00,0.00,0,0,0
2/13/2015,42.00,,,42.00,0.00,0,0,0
2/12/2015,42.00,,,42.00,0.00,0,0,0
2/11/2015,42.00,,,42.00,0.00,0,0,0
2/10/2015,42.00,,,42.00,0.00,0,0,0
2/9/2015,42.00,,,42.00,0.00,0,0,0
2/6/2015,42.00,42.00,42.00,42.00,5.00,"4,990","209,580","209,580"
2/5/2015,40.00,40.00,40.00,40.00,-4.76,750,"30,000","30,000"
2/4/2015,42.00,,,42.00,0.00,0,0,0
2/3/2015,42.00,,,42.00,0.00,0,0,0
2/2/2015,42.00,,,42.00,0.00,0,0,0
1/30/2015,42.00,42.00,42.00,42.00,-4.55,500,"21,000","21,000"
1/29/2015,44.00,,,44.00,0.00,0,0,0
1/28/2015,44.00,,,44.00,0.00,0,0,0
1/27/2015,44.00,,,44.00,0.00,0,0,0
1/26/2015,44.00,,,44.00,0.00,0,0,0
1/23/2015,44.00,,,44.00,0.00,0,0,0
1/22/2015,44.00,,,44.00,0.00,0,0,0
1/21/2015,44.00,44.00,44.00,44.00,-2.22,740,"32,560","32,560"
1/20/2015,45.00,,,45.00,0.00,0,0,0
1/16/2015,45.00,,,45.00,0.00,0,0,0
1/15/2015,45.00,45.00,45.00,45.00,-8.16,380,"17,100","17,100"
1/14/2015,49.00,,,49.00,0.00,0,0,0
1/13/2015,49.00,,,49.00,0.00,0,0,0
1/12/2015,49.00,49.00,49.00,49.00,-9.26,100,"4,900","4,900"
1/9/2015,54.00,,,54.00,0.00,0,0,0
1/8/2015,54.00,,,54.00,0.00,0,0,0
1/5/2015,54.00,,,54.00,0.00,0,0,0
1/2/2015,54.00,,,54.00,0.00,0,0,0
12/28/2018,68.00,,,67.13,0.00,0,0,0
12/27/2018,68.00,,,67.13,0.00,0,0,0
12/26/2018,68.00,,,67.13,0.00,0,0,0
12/25/2018,68.00,68.00,67.00,67.13,-1.28,"3,442","231,056","231,056"
12/24/2018,68.00,,,68.00,0.00,0,0,0
12/21/2018,68.00,,,68.00,0.00,0,0,0
12/20/2018,68.00,,,68.00,0.00,0,0,0
12/19/2018,68.00,,,68.00,0.00,0,0,0
12/18/2018,68.00,,,68.00,0.00,0,0,0
12/17/2018,68.00,,,68.00,0.00,0,0,0
12/14/2018,68.00,,,68.00,0.00,0,0,0
12/13/2018,68.00,,,68.00,0.00,0,0,0
12/12/2018,68.00,,,68.00,0.00,0,0,0
12/11/2018,68.00,,,68.00,0.00,0,0,0
12/10/2018,68.00,68.00,68.00,68.00,0.00,500,"34,000","34,000"
12/7/2018,68.00,68.00,68.00,68.00,0.00,"4,123","280,364","280,364"
12/6/2018,68.00,,,68.00,0.00,0,0,0
12/5/2018,68.00,,,68.00,0.00,0,0,0
12/4/2018,68.00,,,68.00,0.00,0,0,0
12/3/2018,68.00,68.00,68.00,68.00,8.14,662,"45,016","45,016"
11/30/2018,65.00,65.00,62.00,62.88,3.08,"1,700","106,900","106,900"
11/29/2018,61.00,,,61.00,0.00,0,0,0
11/28/2018,61.00,,,61.00,0.00,0,0,0
11/27/2018,61.00,,,61.00,0.00,0,0,0
11/26/2018,61.00,,,61.00,0.00,0,0,0
11/23/2018,61.00,,,61.00,0.00,0,0,0
11/22/2018,61.00,,,61.00,0.00,0,0,0
11/21/2018,61.00,,,61.00,0.00,0,0,0
11/20/2018,61.00,61.00,61.00,61.00,-2.34,"1,000","61,000","61,000"
11/19/2018,64.00,,,62.46,0.00,0,0,0
11/16/2018,64.00,,,62.46,0.00,0,0,0
11/15/2018,64.00,64.00,61.00,62.46,0.74,"2,059","128,599","128,599"
11/14/2018,62.00,,,62.00,0.00,0,0,0
11/13/2018,62.00,,,62.00,0.00,0,0,0
11/12/2018,62.00,,,62.00,0.00,0,0,0
11/9/2018,62.00,,,62.00,0.00,0,0,0
11/8/2018,62.00,62.00,62.00,62.00,8.77,599,"37,138","37,138"
11/7/2018,57.00,57.00,57.00,57.00,1.79,200,"11,400","11,400"
11/6/2018,56.00,56.00,56.00,56.00,-1.75,139,"7,784","7,784"
11/5/2018,57.00,,,57.00,0.00,0,0,0
11/2/2018,57.00,,,57.00,0.00,0,0,0
11/1/2018,57.00,,,57.00,0.00,0,0,0
10/31/2018,57.00,,,57.00,0.00,0,0,0
10/30/2018,57.00,,,57.00,0.00,0,0,0
10/29/2018,57.00,,,57.00,0.00,0,0,0
10/26/2018,57.00,57.00,57.00,57.00,-9.52,50,"2,850","2,850"
10/25/2018,63.00,63.00,63.00,63.00,-10.00,42,"2,646","2,646"
10/24/2018,70.00,,,70.00,0.00,0,0,0
10/22/2018,70.00,70.00,70.00,70.00,8.53,700,"49,000","49,000"
10/19/2018,66.00,66.00,63.00,64.50,-0.42,"2,000","129,000","129,000"
10/18/2018,66.00,66.00,64.00,64.77,6.18,"1,567","101,488","101,488"
10/17/2018,61.00,61.00,61.00,61.00,1.67,700,"42,700","42,700"
10/16/2018,60.00,,,60.00,0.00,0,0,0
10/15/2018,60.00,60.00,60.00,60.00,1.69,500,"30,000","30,000"
10/12/2018,59.00,59.00,59.00,59.00,-1.67,200,"11,800","11,800"
10/10/2018,60.00,,,60.00,0.00,0,0,0
10/9/2018,60.00,,,60.00,0.00,0,0,0
10/8/2018,60.00,,,60.00,0.00,0,0,0
10/5/2018,60.00,,,60.00,0.00,0,0,0
10/4/2018,60.00,,,60.00,0.00,0,0,0
10/3/2018,60.00,60.00,60.00,60.00,-9.09,500,"30,000","30,000"
10/2/2018,66.00,,,66.00,0.00,0,0,0
10/1/2018,66.00,66.00,66.00,66.00,1.87,800,"52,800","52,800"
9/28/2018,65.00,,,64.79,0.00,0,0,0
9/27/2018,65.00,,,64.79,0.00,0,0,0
9/26/2018,65.00,65.00,64.00,64.79,1.23,677,"43,863","43,863"
9/25/2018,64.00,64.00,64.00,64.00,8.47,700,"44,800","44,800"
9/24/2018,59.00,,,59.00,0.00,0,0,0
9/21/2018,59.00,,,59.00,0.00,0,0,0
9/20/2018,59.00,,,59.00,0.00,0,0,0
9/19/2018,59.00,,,59.00,0.00,0,0,0
9/18/2018,59.00,,,59.00,0.00,0,0,0
9/17/2018,59.00,,,59.00,0.00,0,0,0
9/14/2018,59.00,,,59.00,0.00,0,0,0
9/13/2018,59.00,59.00,59.00,59.00,0.00,641,"37,819","37,819"
9/12/2018,59.00,,,59.00,0.00,0,0,0
9/11/2018,59.00,,,59.00,0.00,0,0,0
9/10/2018,59.00,,,59.00,0.00,0,0,0
9/7/2018,59.00,,,59.00,0.00,0,0,0
9/6/2018,59.00,,,59.00,0.00,0,0,0
9/5/2018,59.00,,,59.00,0.00,0,0,0
9/4/2018,59.00,,,59.00,0.00,0,0,0
9/3/2018,59.00,,,59.00,0.00,0,0,0
8/31/2018,59.00,59.00,59.00,59.00,-9.23,"1,500","88,500","88,500"
8/30/2018,65.00,,,65.00,0.00,0,0,0
8/29/2018,65.00,,,65.00,0.00,0,0,0
8/27/2018,65.00,,,65.00,0.00,0,0,0
8/24/2018,65.00,,,65.00,0.00,0,0,0
8/23/2018,65.00,,,65.00,0.00,0,0,0
8/22/2018,65.00,,,65.00,0.00,0,0,0
8/21/2018,65.00,,,65.00,0.00,0,0,0
8/20/2018,65.00,,,65.00,0.00,0,0,0
8/17/2018,65.00,,,65.00,0.00,0,0,0
8/16/2018,65.00,,,65.00,0.00,0,0,0
8/15/2018,65.00,,,65.00,0.00,0,0,0
8/14/2018,65.00,,,65.00,0.00,0,0,0
8/13/2018,65.00,,,65.00,0.00,0,0,0
8/10/2018,65.00,,,65.00,0.00,0,0,0
8/9/2018,65.00,,,65.00,0.00,0,0,0
8/8/2018,65.00,,,65.00,0.00,0,0,0
8/7/2018,65.00,65.00,65.00,65.00,0.00,481,"31,265","31,265"
8/6/2018,65.00,,,65.00,0.00,0,0,0
8/3/2018,65.00,,,65.00,0.00,0,0,0
8/1/2018,65.00,,,65.00,0.00,0,0,0
7/31/2018,65.00,,,65.00,0.00,0,0,0
7/30/2018,65.00,,,65.00,0.00,0,0,0
7/27/2018,65.00,,,65.00,0.00,0,0,0
7/26/2018,65.00,,,65.00,0.00,0,0,0
7/25/2018,65.00,,,65.00,0.00,0,0,0
7/24/2018,65.00,,,65.00,0.00,0,0,0
7/23/2018,65.00,,,65.00,0.00,0,0,0
7/20/2018,65.00,,,65.00,0.00,0,0,0
7/19/2018,65.00,,,65.00,0.00,0,0,0
7/18/2018,65.00,,,65.00,0.00,0,0,0
7/17/2018,65.00,,,65.00,0.00,0,0,0
7/16/2018,65.00,,,65.00,0.00,0,0,0
7/13/2018,65.00,,,65.00,0.00,0,0,0
7/12/2018,65.00,65.00,65.00,65.00,-2.99,300,"19,500","19,500"
7/11/2018,67.00,,,67.00,0.00,0,0,0
7/10/2018,67.00,,,67.00,0.00,0,0,0
7/9/2018,67.00,,,67.00,0.00,0,0,0
7/6/2018,67.00,,,67.00,0.00,0,0,0
7/5/2018,67.00,,,67.00,0.00,0,0,0
7/4/2018,67.00,67.00,67.00,67.00,0.00,460,"30,820","30,820"
7/3/2018,67.00,67.00,67.00,67.00,4.69,"1,305","87,435","87,435"
7/2/2018,64.00,64.00,64.00,64.00,1.59,500,"32,000","32,000"
6/29/2018,63.00,63.00,63.00,63.00,-1.56,200,"12,600","12,600"
6/28/2018,64.00,64.00,64.00,64.00,-9.86,"1,500","96,000","96,000"
6/27/2018,71.00,71.00,71.00,71.00,-9.61,50,"3,550","3,550"
6/26/2018,74.00,79.00,74.00,78.55,-4.06,"1,100","86,400","86,400"
6/25/2018,81.00,83.00,81.00,81.87,-0.88,195,"15,965","15,965"
6/22/2018,83.00,83.00,81.00,82.60,1.98,"2,120","175,120","175,120"
6/21/2018,81.00,81.00,81.00,81.00,2.53,420,"34,020","34,020"
6/20/2018,79.00,79.00,79.00,79.00,9.31,550,"43,450","43,450"
6/19/2018,77.00,77.00,70.00,72.27,3.24,"3,552","256,690","256,690"
6/18/2018,70.00,70.00,70.00,70.00,5.79,269,"18,830","18,830"
6/14/2018,67.00,67.00,66.00,66.17,3.54,"6,000","397,000","397,000"
6/13/2018,65.00,65.00,63.00,63.91,3.08,"2,200","140,600","140,600"
6/12/2018,62.00,62.00,62.00,62.00,8.77,"1,231","76,322","76,322"
6/11/2018,57.00,,,57.00,0.00,0,0,0
6/8/2018,57.00,57.00,57.00,57.00,9.62,"2,620","149,340","149,340"
6/7/2018,52.00,52.00,52.00,52.00,8.33,487,"25,324","25,324"
6/6/2018,48.00,48.00,48.00,48.00,8.77,402,"19,296","19,296"
6/5/2018,44.00,,,44.13,0.00,0,0,0
6/4/2018,44.00,,,44.13,0.00,0,0,0
6/1/2018,44.00,,,44.13,0.00,0,0,0
5/31/2018,44.00,,,44.13,0.00,0,0,0
5/30/2018,44.00,,,44.13,0.00,0,0,0
5/29/2018,44.00,,,44.13,0.00,0,0,0
5/28/2018,44.00,,,44.13,0.00,0,0,0
5/23/2018,44.00,,,44.13,0.00,0,0,0
5/22/2018,44.00,45.00,44.00,44.13,-1.93,"6,365","280,860","280,860"
5/21/2018,45.00,45.00,45.00,45.00,2.27,200,"9,000","9,000"
5/18/2018,44.00,44.00,44.00,44.00,0.00,200,"8,800","8,800"
5/17/2018,44.00,,,44.00,0.00,0,0,0
5/16/2018,44.00,,,44.00,0.00,0,0,0
5/15/2018,44.00,,,44.00,0.00,0,0,0
5/14/2018,44.00,,,44.00,0.00,0,0,0
5/11/2018,44.00,,,44.00,0.00,0,0,0
5/10/2018,44.00,,,44.00,0.00,0,0,0
5/9/2018,44.00,,,44.00,0.00,0,0,0
5/8/2018,44.00,,,44.00,0.00,0,0,0
5/7/2018,44.00,,,44.00,0.00,0,0,0
5/4/2018,44.00,,,44.00,0.00,0,0,0
5/3/2018,44.00,,,44.00,0.00,0,0,0
5/2/2018,44.00,44.00,44.00,44.00,10.00,200,"8,800","8,800"
4/30/2018,40.00,,,40.00,0.00,0,0,0
4/27/2018,40.00,,,40.00,0.00,0,0,0
4/26/2018,40.00,,,40.00,0.00,0,0,0
4/25/2018,40.00,,,40.00,0.00,0,0,0
4/24/2018,40.00,,,40.00,0.00,0,0,0
4/23/2018,40.00,,,40.00,0.00,0,0,0
4/20/2018,40.00,,,40.00,0.00,0,0,0
4/19/2018,40.00,,,40.00,0.00,0,0,0
4/18/2018,40.00,40.00,40.00,40.00,0.00,700,"28,000","28,000"
4/17/2018,40.00,40.00,40.00,40.00,0.00,"3,301","132,040","132,040"
4/16/2018,40.00,40.00,40.00,40.00,0.00,"4,708","188,320","188,320"
4/13/2018,40.00,40.00,40.00,40.00,-2.44,"1,000","40,000","40,000"
4/12/2018,41.00,,,41.00,0.00,0,0,0
4/11/2018,41.00,,,41.00,0.00,0,0,0
4/10/2018,41.00,,,41.00,0.00,0,0,0
4/5/2018,41.00,,,41.00,0.00,0,0,0
4/4/2018,41.00,,,41.00,0.00,0,0,0
4/3/2018,41.00,,,41.00,0.00,0,0,0
4/2/2018,41.00,,,41.00,0.00,0,0,0
3/30/2018,41.00,41.00,41.00,41.00,2.27,700,"28,700","28,700"
3/29/2018,41.00,41.00,40.00,40.09,-8.89,746,"29,905","29,905"
3/28/2018,44.00,44.00,44.00,44.00,-8.33,"1,000","44,000","44,000"
3/27/2018,48.00,,,48.00,0.00,0,0,0
3/26/2018,48.00,,,48.00,0.00,0,0,0
3/23/2018,48.00,,,48.00,0.00,0,0,0
3/22/2018,48.00,48.00,48.00,48.00,-4.00,500,"24,000","24,000"
3/21/2018,50.00,,,50.00,0.00,0,0,0
3/20/2018,50.00,,,50.00,0.00,0,0,0
3/19/2018,50.00,,,50.00,0.00,0,0,0
3/16/2018,50.00,,,50.00,0.00,0,0,0
3/15/2018,50.00,50.00,50.00,50.00,0.00,"1,109","55,450","55,450"
3/14/2018,50.00,50.00,50.00,50.00,0.68,"1,905","95,250","95,250"
3/13/2018,49.00,50.00,49.00,49.66,-0.68,"1,474","73,200","73,200"
3/12/2018,50.00,50.00,50.00,50.00,-0.28,"1,486","74,300","74,300"
3/9/2018,50.00,51.00,50.00,50.14,-1.69,"1,763","88,397","88,397"
3/8/2018,51.00,,,51.00,0.00,0,0,0
3/7/2018,51.00,51.00,51.00,51.00,-1.92,"2,500","127,500","127,500"
3/6/2018,52.00,,,52.00,0.00,0,0,0
3/5/2018,52.00,52.00,52.00,52.00,0.00,700,"36,400","36,400"
3/2/2018,52.00,,,52.00,0.00,0,0,0
3/1/2018,52.00,,,52.00,0.00,0,0,0
2/28/2018,52.00,52.00,52.00,52.00,-1.89,"1,000","52,000","52,000"
2/27/2018,53.00,,,53.00,0.00,0,0,0
2/26/2018,53.00,,,53.00,0.00,0,0,0
2/23/2018,53.00,,,53.00,0.00,0,0,0
2/22/2018,53.00,53.00,53.00,53.00,3.92,797,"42,241","42,241"
2/21/2018,51.00,51.00,51.00,51.00,2.00,734,"37,434","37,434"
2/20/2018,50.00,,,50.00,0.00,0,0,0
2/19/2018,50.00,50.00,50.00,50.00,-5.66,"1,200","60,000","60,000"
2/16/2018,53.00,53.00,53.00,53.00,-1.05,656,"34,768","34,768"
2/15/2018,53.00,,,53.56,0.00,0,0,0
2/14/2018,53.00,,,53.56,0.00,0,0,0
2/13/2018,53.00,55.00,53.00,53.56,3.00,"7,277","389,735","389,735"
2/12/2018,52.00,52.00,52.00,52.00,-8.61,"4,100","213,200","213,200"
2/9/2018,56.00,58.00,56.00,56.90,-0.18,"1,000","56,900","56,900"
2/8/2018,57.00,,,57.00,0.00,0,0,0
2/7/2018,57.00,57.00,57.00,57.00,-1.72,300,"17,100","17,100"
2/6/2018,58.00,58.00,58.00,58.00,9.43,70,"4,060","4,060"
2/5/2018,53.00,53.00,53.00,53.00,3.92,636,"33,708","33,708"
2/2/2018,51.00,,,51.00,0.00,0,0,0
2/1/2018,51.00,,,51.00,0.00,0,0,0
1/31/2018,51.00,51.00,51.00,51.00,8.51,"1,180","60,180","60,180"
1/30/2018,47.00,,,47.00,0.00,0,0,0
1/29/2018,47.00,,,47.00,0.00,0,0,0
1/26/2018,47.00,47.00,47.00,47.00,4.44,34,"1,598","1,598"
1/25/2018,45.00,,,45.00,0.00,0,0,0
1/24/2018,45.00,,,45.00,0.00,0,0,0
1/23/2018,45.00,,,45.00,0.00,0,0,0
1/22/2018,45.00,,,45.00,0.00,0,0,0
1/18/2018,45.00,,,45.00,0.00,0,0,0
1/17/2018,45.00,,,45.00,0.00,0,0,0
1/16/2018,45.00,,,45.00,0.00,0,0,0
1/15/2018,45.00,,,45.00,0.00,0,0,0
1/12/2018,45.00,,,45.00,0.00,0,0,0
1/11/2018,45.00,,,45.00,0.00,0,0,0
1/10/2018,45.00,,,45.00,0.00,0,0,0
1/9/2018,45.00,,,45.00,0.00,0,0,0
1/5/2018,45.00,45.00,45.00,45.00,4.65,494,"22,230","22,230"
1/4/2018,43.00,43.00,43.00,43.00,0.00,"1,365","58,695","58,695"
1/3/2018,43.00,,,43.00,0.00,0,0,0
1/2/2018,43.00,,,43.00,0.00,0,0,0
12/30/2019,40.00,40.00,40.00,40.00,-56.04,200,"8,000","8,000"
12/27/2019,91.00,,,91.00,0.00,0,0,0
12/26/2019,91.00,,,91.00,0.00,0,0,0
12/25/2019,91.00,,,91.00,0.00,0,0,0
12/24/2019,91.00,,,91.00,0.00,0,0,0
12/23/2019,91.00,,,91.00,0.00,0,0,0
12/20/2019,91.00,,,91.00,0.00,0,0,0
12/19/2019,91.00,,,91.00,0.00,0,0,0
12/18/2019,91.00,,,91.00,0.00,0,0,0
12/17/2019,91.00,,,91.00,0.00,0,0,0
12/16/2019,91.00,,,91.00,0.00,0,0,0
12/13/2019,91.00,,,91.00,0.00,0,0,0
12/12/2019,91.00,,,91.00,0.00,0,0,0
12/11/2019,91.00,,,91.00,0.00,0,0,0
12/10/2019,91.00,,,91.00,0.00,0,0,0
12/6/2019,91.00,,,91.00,0.00,0,0,0
12/5/2019,91.00,,,91.00,0.00,0,0,0
12/4/2019,91.00,,,91.00,0.00,0,0,0
12/3/2019,91.00,,,91.00,0.00,0,0,0
12/2/2019,91.00,,,91.00,0.00,0,0,0
11/29/2019,91.00,,,91.00,0.00,0,0,0
11/28/2019,91.00,,,91.00,0.00,0,0,0
11/27/2019,91.00,,,91.00,0.00,0,0,0
11/26/2019,91.00,,,91.00,0.00,0,0,0
11/25/2019,91.00,,,91.00,0.00,0,0,0
11/22/2019,91.00,,,91.00,0.00,0,0,0
11/21/2019,91.00,,,91.00,0.00,0,0,0
11/20/2019,91.00,,,91.00,0.00,0,0,0
11/19/2019,91.00,,,91.00,0.00,0,0,0
11/18/2019,91.00,,,91.00,0.00,0,0,0
11/15/2019,91.00,,,91.00,0.00,0,0,0
11/14/2019,91.00,,,91.00,0.00,0,0,0
11/13/2019,91.00,,,91.00,0.00,0,0,0
11/12/2019,91.00,,,91.00,0.00,0,0,0
11/11/2019,91.00,,,91.00,0.00,0,0,0
11/8/2019,91.00,,,91.00,0.00,0,0,0
11/7/2019,91.00,,,91.00,0.00,0,0,0
11/6/2019,91.00,,,91.00,0.00,0,0,0
11/5/2019,91.00,,,91.00,0.00,0,0,0
11/4/2019,91.00,,,91.00,0.00,0,0,0
11/1/2019,91.00,,,91.00,0.00,0,0,0
10/31/2019,91.00,,,91.00,0.00,0,0,0
10/30/2019,91.00,,,91.00,0.00,0,0,0
10/29/2019,91.00,,,91.00,0.00,0,0,0
10/28/2019,91.00,,,91.00,0.00,0,0,0
10/25/2019,91.00,,,91.00,0.00,0,0,0
10/24/2019,91.00,,,91.00,0.00,0,0,0
10/22/2019,91.00,,,91.00,0.00,0,0,0
10/21/2019,91.00,,,91.00,0.00,0,0,0
10/18/2019,91.00,,,91.00,0.00,0,0,0
10/17/2019,91.00,,,91.00,0.00,0,0,0
10/16/2019,91.00,,,91.00,0.00,0,0,0
10/15/2019,91.00,,,91.00,0.00,0,0,0
10/14/2019,91.00,,,91.00,0.00,0,0,0
10/10/2019,91.00,,,91.00,0.00,0,0,0
10/9/2019,91.00,,,91.00,0.00,0,0,0
10/8/2019,91.00,,,91.00,0.00,0,0,0
10/7/2019,91.00,,,91.00,0.00,0,0,0
10/4/2019,91.00,,,91.00,0.00,0,0,0
10/3/2019,91.00,,,91.00,0.00,0,0,0
10/2/2019,91.00,,,91.00,0.00,0,0,0
10/1/2019,91.00,,,91.00,0.00,0,0,0
9/30/2019,91.00,,,91.00,0.00,0,0,0
9/27/2019,91.00,,,91.00,0.00,0,0,0
9/26/2019,91.00,,,91.00,0.00,0,0,0
9/25/2019,91.00,,,91.00,0.00,0,0,0
9/24/2019,91.00,,,91.00,0.00,0,0,0
9/23/2019,91.00,,,91.00,0.00,0,0,0
9/20/2019,91.00,,,91.00,0.00,0,0,0
9/19/2019,91.00,,,91.00,0.00,0,0,0
9/18/2019,91.00,,,91.00,0.00,0,0,0
9/17/2019,91.00,,,91.00,0.00,0,0,0
9/16/2019,91.00,,,91.00,0.00,0,0,0
9/13/2019,91.00,,,91.00,0.00,0,0,0
9/12/2019,91.00,,,91.00,0.00,0,0,0
9/11/2019,91.00,,,91.00,0.00,0,0,0
9/10/2019,91.00,,,91.00,0.00,0,0,0
9/6/2019,91.00,,,91.00,0.00,0,0,0
9/5/2019,91.00,,,91.00,0.00,0,0,0
9/4/2019,91.00,,,91.00,0.00,0,0,0
9/3/2019,91.00,,,91.00,0.00,0,0,0
9/2/2019,91.00,,,91.00,0.00,0,0,0
8/30/2019,91.00,,,91.00,0.00,0,0,0
8/29/2019,91.00,,,91.00,0.00,0,0,0
8/27/2019,91.00,,,91.00,0.00,0,0,0
8/26/2019,91.00,,,91.00,0.00,0,0,0
8/23/2019,91.00,,,91.00,0.00,0,0,0
8/22/2019,91.00,,,91.00,0.00,0,0,0
8/21/2019,91.00,,,91.00,0.00,0,0,0
8/20/2019,91.00,,,91.00,0.00,0,0,0
8/19/2019,91.00,,,91.00,0.00,0,0,0
8/16/2019,91.00,,,91.00,0.00,0,0,0
8/15/2019,91.00,,,91.00,0.00,0,0,0
8/14/2019,91.00,,,91.00,0.00,0,0,0
8/13/2019,91.00,,,91.00,0.00,0,0,0
8/12/2019,91.00,,,91.00,0.00,0,0,0
8/9/2019,91.00,,,91.00,0.00,0,0,0
8/8/2019,91.00,,,91.00,0.00,0,0,0
8/7/2019,91.00,,,91.00,0.00,0,0,0
8/6/2019,91.00,,,91.00,0.00,0,0,0
8/5/2019,91.00,,,91.00,0.00,0,0,0
8/1/2019,91.00,,,91.00,0.00,0,0,0
7/31/2019,91.00,,,91.00,0.00,0,0,0
7/30/2019,91.00,,,91.00,0.00,0,0,0
7/29/2019,91.00,,,91.00,0.00,0,0,0
7/26/2019,91.00,,,91.00,0.00,0,0,0
7/25/2019,91.00,,,91.00,0.00,0,0,0
7/24/2019,91.00,,,91.00,0.00,0,0,0
7/23/2019,91.00,,,91.00,0.00,0,0,0
7/22/2019,91.00,,,91.00,0.00,0,0,0
7/19/2019,91.00,,,91.00,0.00,0,0,0
7/18/2019,91.00,,,91.00,0.00,0,0,0
7/17/2019,91.00,,,91.00,0.00,0,0,0
7/16/2019,91.00,,,91.00,0.00,0,0,0
7/15/2019,91.00,,,91.00,0.00,0,0,0
7/12/2019,91.00,,,91.00,0.00,0,0,0
7/11/2019,91.00,,,91.00,0.00,0,0,0
7/10/2019,91.00,,,91.00,0.00,0,0,0
7/9/2019,91.00,,,91.00,0.00,0,0,0
7/8/2019,91.00,,,91.00,0.00,0,0,0
7/5/2019,91.00,,,91.00,0.00,0,0,0
7/4/2019,91.00,,,91.00,0.00,0,0,0
7/3/2019,91.00,,,91.00,0.00,0,0,0
7/2/2019,91.00,,,91.00,0.00,0,0,0
7/1/2019,91.00,,,91.00,0.00,0,0,0
6/28/2019,91.00,,,91.00,0.00,0,0,0
6/27/2019,91.00,,,91.00,0.00,0,0,0
6/26/2019,91.00,,,91.00,0.00,0,0,0
6/25/2019,91.00,,,91.00,0.00,0,0,0
6/24/2019,91.00,,,91.00,0.00,0,0,0
6/21/2019,91.00,,,91.00,0.00,0,0,0
6/20/2019,91.00,,,91.00,0.00,0,0,0
6/19/2019,91.00,,,91.00,0.00,0,0,0
6/18/2019,91.00,91.00,90.00,91.00,2.25,"6,013","547,170","547,170"
6/17/2019,89.00,,,89.00,0.00,0,0,0
6/13/2019,89.00,89.00,89.00,89.00,0.00,"2,076","184,764","184,764"
6/12/2019,89.00,,,89.00,0.00,0,0,0
6/11/2019,89.00,,,89.00,0.00,0,0,0
6/10/2019,89.00,,,89.00,0.00,0,0,0
6/7/2019,89.00,,,89.00,0.00,0,0,0
6/6/2019,89.00,89.00,89.00,89.00,8.54,110,"9,790","9,790"
6/5/2019,82.00,,,82.00,0.00,0,0,0
6/3/2019,82.00,,,82.00,0.00,0,0,0
5/31/2019,82.00,82.00,82.00,82.00,0.00,350,"28,700","28,700"
5/30/2019,82.00,,,82.00,0.00,0,0,0
5/29/2019,82.00,,,82.00,0.00,0,0,0
5/28/2019,82.00,,,82.00,0.00,0,0,0
5/27/2019,82.00,,,82.00,0.00,0,0,0
5/23/2019,82.00,82.00,82.00,82.00,0.00,507,"41,574","41,574"
5/22/2019,82.00,,,82.00,0.00,0,0,0
5/21/2019,82.00,82.00,82.00,82.00,0.00,"1,694","138,908","138,908"
5/20/2019,82.00,,,82.00,0.00,0,0,0
5/17/2019,82.00,,,82.00,0.00,0,0,0
5/16/2019,82.00,,,82.00,0.00,0,0,0
5/15/2019,82.00,,,82.00,0.00,0,0,0
5/14/2019,82.00,,,82.00,0.00,0,0,0
5/13/2019,82.00,,,82.00,0.00,0,0,0
5/10/2019,82.00,,,82.00,0.00,0,0,0
5/9/2019,82.00,,,82.00,0.00,0,0,0
5/8/2019,82.00,,,82.00,0.00,0,0,0
5/7/2019,82.00,82.00,82.00,82.00,9.33,725,"59,450","59,450"
5/6/2019,75.00,,,75.00,0.00,0,0,0
5/3/2019,75.00,,,75.00,0.00,0,0,0
5/2/2019,75.00,75.00,75.00,75.00,1.35,600,"45,000","45,000"
4/30/2019,74.00,,,74.00,0.00,0,0,0
4/25/2019,74.00,,,74.00,0.00,0,0,0
4/24/2019,74.00,,,74.00,0.00,0,0,0
4/23/2019,74.00,,,74.00,0.00,0,0,0
4/22/2019,74.00,74.00,74.00,74.00,0.00,841,"62,234","62,234"
4/19/2019,74.00,,,74.00,0.00,0,0,0
4/18/2019,74.00,74.00,74.00,74.00,0.00,759,"56,166","56,166"
4/17/2019,74.00,74.00,74.00,74.00,0.00,590,"43,660","43,660"
4/16/2019,74.00,74.00,74.00,74.00,-9.76,430,"31,820","31,820"
4/15/2019,82.00,82.00,82.00,82.00,-9.89,50,"4,100","4,100"
4/12/2019,91.00,,,91.00,0.00,0,0,0
4/11/2019,91.00,,,91.00,0.00,0,0,0
4/10/2019,91.00,,,91.00,0.00,0,0,0
4/9/2019,91.00,,,91.00,0.00,0,0,0
4/8/2019,91.00,,,91.00,0.00,0,0,0
4/5/2019,91.00,,,91.00,0.00,0,0,0
4/4/2019,91.00,,,91.00,0.00,0,0,0
4/3/2019,91.00,,,91.00,0.00,0,0,0
4/2/2019,91.00,,,91.00,0.00,0,0,0
4/1/2019,91.00,,,91.00,0.00,0,0,0
3/29/2019,91.00,,,91.00,0.00,0,0,0
3/28/2019,91.00,,,91.00,0.00,0,0,0
3/27/2019,91.00,91.00,91.00,91.00,-9.90,"3,000","273,000","273,000"
3/26/2019,101.00,,,101.00,0.00,0,0,0
3/25/2019,101.00,,,101.00,0.00,0,0,0
3/22/2019,101.00,,,101.00,0.00,0,0,0
3/21/2019,101.00,,,101.00,0.00,0,0,0
3/20/2019,101.00,,,101.00,0.00,0,0,0
3/19/2019,101.00,,,101.00,0.00,0,0,0
3/18/2019,101.00,,,101.00,0.00,0,0,0
3/15/2019,101.00,,,101.00,0.00,0,0,0
3/14/2019,101.00,,,101.00,0.00,0,0,0
3/13/2019,101.00,,,101.00,0.00,0,0,0
3/12/2019,101.00,,,101.00,0.00,0,0,0
3/11/2019,101.00,,,101.00,0.00,0,0,0
3/8/2019,101.00,,,101.00,0.00,0,0,0
3/7/2019,101.00,,,101.00,0.00,0,0,0
3/6/2019,101.00,,,101.00,0.00,0,0,0
3/5/2019,101.00,,,101.00,0.00,0,0,0
3/4/2019,101.00,,,101.00,0.00,0,0,0
3/1/2019,101.00,,,101.00,0.00,0,0,0
2/28/2019,101.00,,,101.00,0.00,0,0,0
2/27/2019,101.00,101.00,101.00,101.00,-0.98,"5,200","525,200","525,200"
2/26/2019,102.00,,,102.00,0.00,0,0,0
2/25/2019,102.00,,,102.00,0.00,0,0,0
2/22/2019,102.00,102.00,102.00,102.00,2.00,138,"14,076","14,076"
2/21/2019,100.00,100.00,100.00,100.00,-0.09,762,"76,200","76,200"
2/20/2019,101.00,,,100.09,0.00,0,0,0
2/19/2019,101.00,,,100.09,0.00,0,0,0
2/18/2019,101.00,101.00,95.00,100.09,-1.87,"1,355","135,625","135,625"
2/15/2019,102.00,102.00,102.00,102.00,-2.86,50,"5,100","5,100"
2/14/2019,105.00,,,105.00,0.00,0,0,0
2/13/2019,105.00,,,105.00,0.00,0,0,0
2/12/2019,105.00,105.00,105.00,105.00,0.96,400,"42,000","42,000"
2/11/2019,104.00,104.00,104.00,104.00,2.97,150,"15,600","15,600"
2/8/2019,101.00,101.00,101.00,101.00,2.02,975,"98,475","98,475"
2/7/2019,99.00,99.00,99.00,99.00,0.00,638,"63,162","63,162"
2/6/2019,99.00,,,99.00,0.00,0,0,0
2/5/2019,99.00,99.00,99.00,99.00,10.00,500,"49,500","49,500"
2/4/2019,90.00,,,90.00,0.00,0,0,0
2/1/2019,90.00,90.00,90.00,90.00,2.27,"5,028","452,520","452,520"
1/31/2019,88.00,,,88.00,0.00,0,0,0
1/30/2019,88.00,,,88.00,0.00,0,0,0
1/29/2019,88.00,,,88.00,0.00,0,0,0
1/28/2019,88.00,88.00,88.00,88.00,3.53,550,"48,400","48,400"
1/25/2019,85.00,85.00,85.00,85.00,8.97,500,"42,500","42,500"
1/24/2019,78.00,,,78.00,0.00,0,0,0
1/23/2019,78.00,,,78.00,0.00,0,0,0
1/22/2019,78.00,78.00,78.00,78.00,-2.50,"1,000","78,000","78,000"
1/21/2019,80.00,80.00,80.00,80.00,9.59,150,"12,000","12,000"
1/18/2019,73.00,73.00,73.00,73.00,2.82,"1,020","74,460","74,460"
1/17/2019,71.00,,,71.00,0.00,0,0,0
1/16/2019,71.00,,,71.00,0.00,0,0,0
1/15/2019,71.00,,,71.00,0.00,0,0,0
1/14/2019,71.00,71.00,71.00,71.00,2.90,881,"62,551","62,551"
1/11/2019,69.00,,,69.00,0.00,0,0,0
1/10/2019,69.00,,,69.00,0.00,0,0,0
1/9/2019,69.00,69.00,69.00,69.00,2.79,881,"60,789","60,789"
1/8/2019,68.00,,,67.13,0.00,0,0,0
1/4/2019,68.00,,,67.13,0.00,0,0,0
1/3/2019,68.00,,,67.13,0.00,0,0,0
1/2/2019,68.00,,,67.13,0.00,0,0,0
12/28/2017,43.00,,,43.00,0.00,0,0,0
12/27/2017,43.00,,,43.00,0.00,0,0,0
12/26/2017,43.00,,,43.00,0.00,0,0,0
12/25/2017,43.00,,,43.00,0.00,0,0,0
12/22/2017,43.00,43.00,43.00,43.00,-2.27,500,"21,500","21,500"
12/21/2017,44.00,,,44.00,0.00,0,0,0
12/20/2017,44.00,,,44.00,0.00,0,0,0
12/19/2017,44.00,,,44.00,0.00,0,0,0
12/18/2017,44.00,44.00,44.00,44.00,-2.22,48,"2,112","2,112"
12/15/2017,45.00,,,45.00,0.00,0,0,0
12/14/2017,45.00,,,45.00,0.00,0,0,0
12/13/2017,45.00,,,45.00,0.00,0,0,0
12/12/2017,45.00,,,45.00,0.00,0,0,0
12/11/2017,45.00,,,45.00,0.00,0,0,0
12/7/2017,45.00,,,45.00,0.00,0,0,0
12/6/2017,45.00,,,45.00,0.00,0,0,0
12/5/2017,45.00,,,45.00,0.00,0,0,0
12/4/2017,45.00,,,45.00,0.00,0,0,0
12/1/2017,45.00,,,45.00,0.00,0,0,0
11/30/2017,45.00,,,45.00,0.00,0,0,0
11/29/2017,45.00,,,45.00,0.00,0,0,0
11/28/2017,45.00,,,45.00,0.00,0,0,0
11/27/2017,45.00,,,45.00,0.00,0,0,0
11/24/2017,45.00,,,45.00,0.00,0,0,0
11/23/2017,45.00,,,45.00,0.00,0,0,0
11/22/2017,45.00,45.00,45.00,45.00,0.00,"2,050","92,250","92,250"
11/21/2017,45.00,,,45.00,0.00,0,0,0
11/20/2017,45.00,,,45.00,0.00,0,0,0
11/17/2017,45.00,,,45.00,0.00,0,0,0
11/16/2017,45.00,,,45.00,0.00,0,0,0
11/15/2017,45.00,,,45.00,0.00,0,0,0
11/14/2017,45.00,,,45.00,0.00,0,0,0
11/13/2017,45.00,45.00,45.00,45.00,0.00,"1,000","45,000","45,000"
11/10/2017,45.00,,,45.00,0.00,0,0,0
11/9/2017,45.00,45.00,45.00,45.00,-2.17,"1,000","45,000","45,000"
11/8/2017,46.00,46.00,46.00,46.00,0.00,"2,830","130,180","130,180"
11/7/2017,46.00,,,46.00,0.00,0,0,0
11/6/2017,46.00,,,46.00,0.00,0,0,0
11/3/2017,46.00,46.00,46.00,46.00,0.00,"1,550","71,300","71,300"
11/2/2017,46.00,46.00,46.00,46.00,2.22,25,"1,150","1,150"
11/1/2017,45.00,,,45.00,0.00,0,0,0
10/31/2017,45.00,,,45.00,0.00,0,0,0
10/30/2017,45.00,,,45.00,0.00,0,0,0
10/27/2017,45.00,,,45.00,0.00,0,0,0
10/26/2017,45.00,,,45.00,0.00,0,0,0
10/25/2017,45.00,,,45.00,0.00,0,0,0
10/24/2017,45.00,,,45.00,0.00,0,0,0
10/20/2017,45.00,45.00,45.00,45.00,0.00,120,"5,400","5,400"
10/19/2017,45.00,45.00,45.00,45.00,2.27,810,"36,450","36,450"
10/18/2017,44.00,,,44.00,0.00,0,0,0
10/17/2017,44.00,,,44.00,0.00,0,0,0
10/16/2017,44.00,,,44.00,0.00,0,0,0
10/13/2017,44.00,,,44.00,0.00,0,0,0
10/12/2017,44.00,,,44.00,0.00,0,0,0
10/10/2017,44.00,,,44.00,0.00,0,0,0
10/9/2017,44.00,,,44.00,0.00,0,0,0
10/6/2017,44.00,,,44.00,0.00,0,0,0
10/5/2017,44.00,,,44.00,0.00,0,0,0
10/4/2017,44.00,,,44.00,0.00,0,0,0
10/3/2017,44.00,,,44.00,0.00,0,0,0
10/2/2017,44.00,,,44.00,0.00,0,0,0
9/29/2017,44.00,,,44.00,0.00,0,0,0
9/28/2017,44.00,,,44.00,0.00,0,0,0
9/27/2017,44.00,44.00,44.00,44.00,0.00,300,"13,200","13,200"
9/26/2017,44.00,44.00,44.00,44.00,-1.92,190,"8,360","8,360"
9/25/2017,45.00,,,44.86,0.00,0,0,0
9/22/2017,45.00,,,44.86,0.00,0,0,0
9/21/2017,45.00,,,44.86,0.00,0,0,0
9/20/2017,45.00,,,44.86,0.00,0,0,0
9/19/2017,45.00,45.00,44.00,44.86,-0.31,580,"26,020","26,020"
9/18/2017,45.00,,,45.00,0.00,0,0,0
9/15/2017,45.00,,,45.00,0.00,0,0,0
9/14/2017,45.00,,,45.00,0.00,0,0,0
9/13/2017,45.00,,,45.00,0.00,0,0,0
9/12/2017,45.00,,,45.00,0.00,0,0,0
9/11/2017,45.00,,,45.00,0.00,0,0,0
9/7/2017,45.00,,,45.00,0.00,0,0,0
9/6/2017,45.00,45.00,45.00,45.00,-6.25,866,"38,970","38,970"
9/5/2017,48.00,,,48.00,0.00,0,0,0
9/4/2017,48.00,48.00,48.00,48.00,20.00,400,"19,200","19,200"
9/1/2017,40.00,40.00,40.00,40.00,-20.00,"1,500","60,000","60,000"
8/31/2017,50.00,,,50.00,0.00,0,0,0
8/30/2017,50.00,,,50.00,0.00,0,0,0
8/29/2017,50.00,,,50.00,0.00,0,0,0
8/25/2017,50.00,50.00,50.00,50.00,-35.90,300,"15,000","15,000"
8/24/2017,78.00,,,78.00,0.00,0,0,0
8/23/2017,78.00,,,78.00,0.00,0,0,0
8/22/2017,78.00,,,78.00,0.00,0,0,0
8/21/2017,78.00,,,78.00,0.00,0,0,0
8/18/2017,78.00,,,78.00,0.00,0,0,0
8/17/2017,78.00,,,78.00,0.00,0,0,0
8/16/2017,78.00,,,78.00,0.00,0,0,0
8/15/2017,78.00,,,78.00,0.00,0,0,0
8/14/2017,78.00,,,78.00,0.00,0,0,0
8/11/2017,78.00,,,78.00,0.00,0,0,0
8/10/2017,78.00,,,78.00,0.00,0,0,0
8/9/2017,78.00,,,78.00,0.00,0,0,0
8/8/2017,78.00,,,78.00,0.00,0,0,0
8/7/2017,78.00,,,78.00,0.00,0,0,0
8/4/2017,78.00,,,78.00,0.00,0,0,0
8/3/2017,78.00,,,78.00,0.00,0,0,0
8/1/2017,78.00,,,78.00,0.00,0,0,0
7/31/2017,78.00,,,78.00,0.00,0,0,0
7/28/2017,78.00,,,78.00,0.00,0,0,0
7/27/2017,78.00,,,78.00,0.00,0,0,0
7/26/2017,78.00,78.00,78.00,78.00,-2.50,"1,451","113,178","113,178"
7/25/2017,80.00,80.00,80.00,80.00,-11.11,879,"70,320","70,320"
7/24/2017,90.00,,,90.00,0.00,0,0,0
7/21/2017,90.00,90.00,90.00,90.00,5.88,"1,345","121,050","121,050"
7/20/2017,85.00,85.00,85.00,85.00,13.33,"2,243","190,655","190,655"
7/19/2017,75.00,,,75.00,0.00,0,0,0
7/18/2017,75.00,,,75.00,0.00,0,0,0
7/17/2017,75.00,75.00,75.00,75.00,22.95,855,"64,125","64,125"
7/14/2017,61.00,61.00,61.00,61.00,52.50,900,"54,900","54,900"
7/13/2017,40.00,40.00,40.00,40.00,33.33,409,"16,360","16,360"
7/12/2017,30.00,,,30.00,0.00,0,0,0
7/11/2017,30.00,,,30.00,0.00,0,0,0
7/10/2017,30.00,,,30.00,0.00,0,0,0
7/7/2017,30.00,,,30.00,0.00,0,0,0
7/6/2017,30.00,30.00,30.00,30.00,0.00,327,"9,810","9,810"
7/5/2017,30.00,,,30.00,0.00,0,0,0
7/4/2017,30.00,30.00,30.00,30.00,0.00,"1,000","30,000","30,000"
7/3/2017,30.00,,,30.00,0.00,0,0,0
6/30/2017,30.00,30.00,30.00,30.00,20.00,200,"6,000","6,000"
6/29/2017,25.00,,,25.00,0.00,0,0,0
6/28/2017,25.00,25.00,25.00,25.00,8.70,735,"18,375","18,375"
6/27/2017,23.00,,,23.00,0.00,0,0,0
6/23/2017,23.00,,,23.00,0.00,0,0,0
6/22/2017,23.00,,,23.00,0.00,0,0,0
6/21/2017,23.00,,,23.00,0.00,0,0,0
6/20/2017,23.00,,,23.00,0.00,0,0,0
6/19/2017,23.00,,,23.00,0.00,0,0,0
6/16/2017,23.00,,,23.00,0.00,0,0,0
6/15/2017,23.00,,,23.00,0.00,0,0,0
6/14/2017,23.00,,,23.00,0.00,0,0,0
6/13/2017,23.00,,,23.00,0.00,0,0,0
6/12/2017,23.00,,,23.00,0.00,0,0,0
6/9/2017,23.00,,,23.00,0.00,0,0,0
6/8/2017,23.00,,,23.00,0.00,0,0,0
6/7/2017,23.00,,,23.00,0.00,0,0,0
6/6/2017,23.00,23.00,23.00,23.00,9.52,197,"4,531","4,531"
6/5/2017,21.00,,,21.00,0.00,0,0,0
6/1/2017,21.00,,,21.00,0.00,0,0,0
5/31/2017,21.00,21.00,21.00,21.00,0.00,86,"1,806","1,806"
5/30/2017,21.00,,,21.00,0.00,0,0,0
5/29/2017,21.00,,,21.00,0.00,0,0,0
5/26/2017,21.00,,,21.00,0.00,0,0,0
5/25/2017,21.00,,,21.00,0.00,0,0,0
5/23/2017,21.00,,,21.00,0.00,0,0,0
5/22/2017,21.00,,,21.00,0.00,0,0,0
5/19/2017,21.00,,,21.00,0.00,0,0,0
5/18/2017,21.00,,,21.00,0.00,0,0,0
5/17/2017,21.00,,,21.00,0.00,0,0,0
5/16/2017,21.00,,,21.00,0.00,0,0,0
5/15/2017,21.00,,,21.00,0.00,0,0,0
5/12/2017,21.00,,,21.00,0.00,0,0,0
5/11/2017,21.00,,,21.00,0.00,0,0,0
5/10/2017,21.00,,,21.00,0.00,0,0,0
5/9/2017,21.00,,,21.00,0.00,0,0,0
5/8/2017,21.00,,,21.00,0.00,0,0,0
5/5/2017,21.00,,,21.00,0.00,0,0,0
5/4/2017,21.00,,,21.00,0.00,0,0,0
5/3/2017,21.00,,,21.00,0.00,0,0,0
5/2/2017,21.00,,,21.00,0.00,0,0,0
4/28/2017,21.00,,,21.00,0.00,0,0,0
4/27/2017,21.00,,,21.00,0.00,0,0,0
4/26/2017,21.00,,,21.00,0.00,0,0,0
4/25/2017,21.00,,,21.00,0.00,0,0,0
4/24/2017,21.00,,,21.00,0.00,0,0,0
4/21/2017,21.00,,,21.00,0.00,0,0,0
4/20/2017,21.00,,,21.00,0.00,0,0,0
4/19/2017,21.00,,,21.00,0.00,0,0,0
4/18/2017,21.00,,,21.00,0.00,0,0,0
4/13/2017,21.00,,,21.00,0.00,0,0,0
4/12/2017,21.00,,,21.00,0.00,0,0,0
4/11/2017,21.00,,,21.00,0.00,0,0,0
4/10/2017,21.00,,,21.00,0.00,0,0,0
4/7/2017,21.00,,,21.00,0.00,0,0,0
4/6/2017,21.00,,,21.00,0.00,0,0,0
4/5/2017,21.00,,,21.00,0.00,0,0,0
4/4/2017,21.00,,,21.00,0.00,0,0,0
4/3/2017,21.00,21.00,21.00,21.00,-16.00,523,"10,983","10,983"
3/31/2017,25.00,,,25.00,0.00,0,0,0
3/30/2017,25.00,,,25.00,0.00,0,0,0
3/29/2017,25.00,,,25.00,0.00,0,0,0
3/28/2017,25.00,,,25.00,0.00,0,0,0
3/27/2017,25.00,,,25.00,0.00,0,0,0
3/24/2017,25.00,,,25.00,0.00,0,0,0
3/23/2017,25.00,,,25.00,0.00,0,0,0
3/22/2017,25.00,25.00,25.00,25.00,-19.35,"5,940","148,500","148,500"
3/21/2017,31.00,,,31.00,0.00,0,0,0
3/20/2017,31.00,,,31.00,0.00,0,0,0
3/17/2017,31.00,,,31.00,0.00,0,0,0
3/16/2017,31.00,,,31.00,0.00,0,0,0
3/15/2017,31.00,,,31.00,0.00,0,0,0
3/14/2017,31.00,,,31.00,0.00,0,0,0
3/13/2017,31.00,,,31.00,0.00,0,0,0
3/10/2017,31.00,,,31.00,0.00,0,0,0
3/9/2017,31.00,,,31.00,0.00,0,0,0
3/8/2017,31.00,,,31.00,0.00,0,0,0
3/7/2017,31.00,,,31.00,0.00,0,0,0
3/6/2017,31.00,31.00,31.00,31.00,0.00,500,"15,500","15,500"
3/3/2017,31.00,,,31.00,0.00,0,0,0
3/2/2017,31.00,,,31.00,0.00,0,0,0
3/1/2017,31.00,,,31.00,0.00,0,0,0
2/28/2017,31.00,,,31.00,0.00,0,0,0
2/27/2017,31.00,,,31.00,0.00,0,0,0
2/24/2017,31.00,31.00,31.00,31.00,0.00,400,"12,400","12,400"
2/23/2017,31.00,,,31.00,0.00,0,0,0
2/22/2017,31.00,,,31.00,0.00,0,0,0
2/21/2017,31.00,,,31.00,0.00,0,0,0
2/20/2017,31.00,,,31.00,0.00,0,0,0
2/17/2017,31.00,,,31.00,0.00,0,0,0
2/16/2017,31.00,,,31.00,0.00,0,0,0
2/15/2017,31.00,,,31.00,0.00,0,0,0
2/14/2017,31.00,,,31.00,0.00,0,0,0
2/13/2017,31.00,,,31.00,0.00,0,0,0
2/10/2017,31.00,,,31.00,0.00,0,0,0
2/9/2017,31.00,,,31.00,0.00,0,0,0
2/8/2017,31.00,,,31.00,0.00,0,0,0
2/7/2017,31.00,,,31.00,0.00,0,0,0
2/6/2017,31.00,31.00,31.00,31.00,6.90,"1,413","43,803","43,803"
2/3/2017,29.00,29.00,29.00,29.00,7.41,100,"2,900","2,900"
2/2/2017,27.00,,,27.00,0.00,0,0,0
2/1/2017,27.00,27.00,27.00,27.00,0.00,468,"12,636","12,636"
1/31/2017,27.00,,,27.00,0.00,0,0,0
1/30/2017,27.00,,,27.00,0.00,0,0,0
1/27/2017,27.00,,,27.00,0.00,0,0,0
1/26/2017,27.00,,,27.00,0.00,0,0,0
1/25/2017,27.00,,,27.00,0.00,0,0,0
1/24/2017,27.00,,,27.00,0.00,0,0,0
1/23/2017,27.00,,,27.00,0.00,0,0,0
1/20/2017,27.00,,,27.00,0.00,0,0,0
1/18/2017,27.00,27.00,27.00,27.00,8.00,350,"9,450","9,450"
1/17/2017,25.00,,,25.00,0.00,0,0,0
1/16/2017,25.00,,,25.00,0.00,0,0,0
1/13/2017,25.00,,,25.00,0.00,0,0,0
1/12/2017,25.00,25.00,25.00,25.00,8.70,275,"6,875","6,875"
1/11/2017,23.00,,,23.00,0.00,0,0,0
1/10/2017,23.00,,,23.00,0.00,0,0,0
1/9/2017,23.00,,,23.00,0.00,0,0,0
1/5/2017,23.00,,,23.00,0.00,0,0,0
1/4/2017,23.00,,,23.00,0.00,0,0,0
1/3/2017,23.00,,,23.00,0.00,0,0,0
12/30/2020,44.00,,,44.00,0.00,0,0,0
12/29/2020,44.00,,,44.00,0.00,0,0,0
12/28/2020,44.00,,,44.00,0.00,0,0,0
12/25/2020,44.00,,,44.00,0.00,0,0,0
12/24/2020,44.00,,,44.00,0.00,0,0,0
12/23/2020,44.00,,,44.00,0.00,0,0,0
12/22/2020,44.00,,,44.00,0.00,0,0,0
12/21/2020,44.00,,,44.00,0.00,0,0,0
12/18/2020,44.00,,,44.00,0.00,0,0,0
12/17/2020,44.00,,,44.00,0.00,0,0,0
12/16/2020,44.00,,,44.00,0.00,0,0,0
12/15/2020,44.00,,,44.00,0.00,0,0,0
12/14/2020,44.00,,,44.00,0.00,0,0,0
12/11/2020,44.00,,,44.00,0.00,0,0,0
12/10/2020,44.00,,,44.00,0.00,0,0,0
12/9/2020,44.00,,,44.00,0.00,0,0,0
12/7/2020,44.00,,,44.00,0.00,0,0,0
12/4/2020,44.00,,,44.00,0.00,0,0,0
12/3/2020,44.00,,,44.00,0.00,0,0,0
12/2/2020,44.00,,,44.00,0.00,0,0,0
12/1/2020,44.00,,,44.00,0.00,0,0,0
11/30/2020,44.00,,,44.00,0.00,0,0,0
11/27/2020,44.00,,,44.00,0.00,0,0,0
11/26/2020,44.00,,,44.00,0.00,0,0,0
11/25/2020,44.00,,,44.00,0.00,0,0,0
11/24/2020,44.00,,,44.00,0.00,0,0,0
11/23/2020,44.00,,,44.00,0.00,0,0,0
11/20/2020,44.00,,,44.00,0.00,0,0,0
11/19/2020,44.00,,,44.00,0.00,0,0,0
11/18/2020,44.00,,,44.00,0.00,0,0,0
11/17/2020,44.00,44.00,44.00,44.00,-2.22,"3,000","132,000","132,000"
11/16/2020,45.00,45.00,45.00,45.00,18.42,81,"3,645","3,645"
11/13/2020,38.00,,,38.00,0.00,0,0,0
11/12/2020,38.00,,,38.00,0.00,0,0,0
11/11/2020,38.00,,,38.00,0.00,0,0,0
11/10/2020,38.00,,,38.00,0.00,0,0,0
11/9/2020,38.00,,,38.00,0.00,0,0,0
11/6/2020,38.00,,,38.00,0.00,0,0,0
11/5/2020,38.00,,,38.00,0.00,0,0,0
11/4/2020,38.00,,,38.00,0.00,0,0,0
11/3/2020,38.00,,,38.00,0.00,0,0,0
11/2/2020,38.00,,,38.00,0.00,0,0,0
10/30/2020,38.00,,,38.00,0.00,0,0,0
10/29/2020,38.00,,,38.00,0.00,0,0,0
10/28/2020,38.00,,,38.00,0.00,0,0,0
10/27/2020,38.00,,,38.00,0.00,0,0,0
10/26/2020,38.00,,,38.00,0.00,0,0,0
10/22/2020,38.00,,,38.00,0.00,0,0,0
10/21/2020,38.00,,,38.00,0.00,0,0,0
10/20/2020,38.00,,,38.00,0.00,0,0,0
10/19/2020,38.00,,,38.00,0.00,0,0,0
10/16/2020,38.00,,,38.00,0.00,0,0,0
10/15/2020,38.00,,,38.00,0.00,0,0,0
10/14/2020,38.00,,,38.00,0.00,0,0,0
10/13/2020,38.00,,,38.00,0.00,0,0,0
10/9/2020,38.00,,,38.00,0.00,0,0,0
10/8/2020,38.00,,,38.00,0.00,0,0,0
10/7/2020,38.00,,,38.00,0.00,0,0,0
10/6/2020,38.00,,,38.00,0.00,0,0,0
10/5/2020,38.00,,,38.00,0.00,0,0,0
10/2/2020,38.00,,,38.00,0.00,0,0,0
10/1/2020,38.00,,,38.00,0.00,0,0,0
9/30/2020,38.00,,,38.00,0.00,0,0,0
9/29/2020,38.00,,,38.00,0.00,0,0,0
9/28/2020,38.00,,,38.00,0.00,0,0,0
9/25/2020,38.00,,,38.00,0.00,0,0,0
9/24/2020,38.00,,,38.00,0.00,0,0,0
9/23/2020,38.00,,,38.00,0.00,0,0,0
9/22/2020,38.00,,,38.00,0.00,0,0,0
9/21/2020,38.00,,,38.00,0.00,0,0,0
9/18/2020,38.00,,,38.00,0.00,0,0,0
9/17/2020,38.00,,,38.00,0.00,0,0,0
9/16/2020,38.00,,,38.00,0.00,0,0,0
9/15/2020,38.00,,,38.00,0.00,0,0,0
9/14/2020,38.00,,,38.00,0.00,0,0,0
9/11/2020,38.00,,,38.00,0.00,0,0,0
9/10/2020,38.00,,,38.00,0.00,0,0,0
9/9/2020,38.00,,,38.00,0.00,0,0,0
9/7/2020,38.00,,,38.00,0.00,0,0,0
9/4/2020,38.00,,,38.00,0.00,0,0,0
9/3/2020,38.00,,,38.00,0.00,0,0,0
9/2/2020,38.00,,,38.00,0.00,0,0,0
9/1/2020,38.00,,,38.00,0.00,0,0,0
8/31/2020,38.00,,,38.00,0.00,0,0,0
8/27/2020,38.00,,,38.00,0.00,0,0,0
8/26/2020,38.00,,,38.00,0.00,0,0,0
8/25/2020,38.00,,,38.00,0.00,0,0,0
8/24/2020,38.00,,,38.00,0.00,0,0,0
8/21/2020,38.00,,,38.00,0.00,0,0,0
8/20/2020,38.00,,,38.00,0.00,0,0,0
8/19/2020,38.00,,,38.00,0.00,0,0,0
8/18/2020,38.00,,,38.00,0.00,0,0,0
8/17/2020,38.00,,,38.00,0.00,0,0,0
8/14/2020,38.00,,,38.00,0.00,0,0,0
8/13/2020,38.00,,,38.00,0.00,0,0,0
8/12/2020,38.00,,,38.00,0.00,0,0,0
8/11/2020,38.00,,,38.00,0.00,0,0,0
8/10/2020,38.00,,,38.00,0.00,0,0,0
8/7/2020,38.00,38.00,38.00,38.00,-5.00,300,"11,400","11,400"
8/6/2020,40.00,,,40.00,0.00,0,0,0
8/5/2020,40.00,,,40.00,0.00,0,0,0
8/4/2020,40.00,,,40.00,0.00,0,0,0
7/31/2020,40.00,,,40.00,0.00,0,0,0
7/30/2020,40.00,,,40.00,0.00,0,0,0
7/29/2020,40.00,,,40.00,0.00,0,0,0
7/28/2020,40.00,,,40.00,0.00,0,0,0
7/27/2020,40.00,,,40.00,0.00,0,0,0
7/24/2020,40.00,,,40.00,0.00,0,0,0
7/23/2020,40.00,,,40.00,0.00,0,0,0
7/22/2020,40.00,,,40.00,0.00,0,0,0
7/21/2020,40.00,,,40.00,0.00,0,0,0
7/20/2020,40.00,,,40.00,0.00,0,0,0
7/17/2020,40.00,,,40.00,0.00,0,0,0
7/16/2020,40.00,,,40.00,0.00,0,0,0
7/14/2020,40.00,,,40.00,0.00,0,0,0
7/13/2020,40.00,,,40.00,0.00,0,0,0
7/10/2020,40.00,,,40.00,0.00,0,0,0
7/9/2020,40.00,,,40.00,0.00,0,0,0
7/8/2020,40.00,,,40.00,0.00,0,0,0
7/7/2020,40.00,,,40.00,0.00,0,0,0
7/6/2020,40.00,,,40.00,0.00,0,0,0
7/3/2020,40.00,,,40.00,0.00,0,0,0
7/2/2020,40.00,,,40.00,0.00,0,0,0
7/1/2020,40.00,,,40.00,0.00,0,0,0
6/30/2020,40.00,,,40.00,0.00,0,0,0
6/29/2020,40.00,,,40.00,0.00,0,0,0
6/26/2020,40.00,,,40.00,0.00,0,0,0
6/25/2020,40.00,,,40.00,0.00,0,0,0
6/24/2020,40.00,,,40.00,0.00,0,0,0
6/23/2020,40.00,,,40.00,0.00,0,0,0
6/22/2020,40.00,,,40.00,0.00,0,0,0
6/19/2020,40.00,,,40.00,0.00,0,0,0
6/18/2020,40.00,,,40.00,0.00,0,0,0
6/17/2020,40.00,,,40.00,0.00,0,0,0
6/16/2020,40.00,,,40.00,0.00,0,0,0
6/15/2020,40.00,,,40.00,0.00,0,0,0
6/12/2020,40.00,,,40.00,0.00,0,0,0
6/11/2020,40.00,,,40.00,0.00,0,0,0
6/10/2020,40.00,,,40.00,0.00,0,0,0
6/9/2020,40.00,,,40.00,0.00,0,0,0
6/8/2020,40.00,,,40.00,0.00,0,0,0
6/4/2020,40.00,,,40.00,0.00,0,0,0
6/3/2020,40.00,,,40.00,0.00,0,0,0
6/2/2020,40.00,,,40.00,0.00,0,0,0
6/1/2020,40.00,,,40.00,0.00,0,0,0
5/29/2020,40.00,,,40.00,0.00,0,0,0
5/28/2020,40.00,,,40.00,0.00,0,0,0
5/27/2020,40.00,,,40.00,0.00,0,0,0
5/26/2020,40.00,,,40.00,0.00,0,0,0
5/22/2020,40.00,,,40.00,0.00,0,0,0
5/21/2020,40.00,,,40.00,0.00,0,0,0
5/20/2020,40.00,,,40.00,0.00,0,0,0
5/19/2020,40.00,,,40.00,0.00,0,0,0
5/18/2020,40.00,,,40.00,0.00,0,0,0
5/15/2020,40.00,,,40.00,0.00,0,0,0
5/14/2020,40.00,,,40.00,0.00,0,0,0
5/13/2020,40.00,,,40.00,0.00,0,0,0
5/12/2020,40.00,,,40.00,0.00,0,0,0
5/11/2020,40.00,,,40.00,0.00,0,0,0
5/8/2020,40.00,,,40.00,0.00,0,0,0
5/7/2020,40.00,,,40.00,0.00,0,0,0
5/6/2020,40.00,,,40.00,0.00,0,0,0
5/5/2020,40.00,,,40.00,0.00,0,0,0
5/4/2020,40.00,,,40.00,0.00,0,0,0
4/30/2020,40.00,,,40.00,0.00,0,0,0
4/29/2020,40.00,,,40.00,0.00,0,0,0
4/28/2020,40.00,,,40.00,0.00,0,0,0
4/27/2020,40.00,,,40.00,0.00,0,0,0
4/24/2020,40.00,,,40.00,0.00,0,0,0
4/23/2020,40.00,,,40.00,0.00,0,0,0
4/22/2020,40.00,,,40.00,0.00,0,0,0
4/21/2020,40.00,,,40.00,0.00,0,0,0
4/16/2020,40.00,,,40.00,0.00,0,0,0
4/15/2020,40.00,,,40.00,0.00,0,0,0
4/14/2020,40.00,,,40.00,0.00,0,0,0
4/13/2020,40.00,,,40.00,0.00,0,0,0
4/10/2020,40.00,,,40.00,0.00,0,0,0
4/9/2020,40.00,,,40.00,0.00,0,0,0
4/8/2020,40.00,,,40.00,0.00,0,0,0
4/7/2020,40.00,,,40.00,0.00,0,0,0
4/6/2020,40.00,,,40.00,0.00,0,0,0
4/3/2020,40.00,,,40.00,0.00,0,0,0
4/2/2020,40.00,,,40.00,0.00,0,0,0
4/1/2020,40.00,,,40.00,0.00,0,0,0
3/31/2020,40.00,,,40.00,0.00,0,0,0
3/30/2020,40.00,,,40.00,0.00,0,0,0
3/27/2020,40.00,,,40.00,0.00,0,0,0
3/26/2020,40.00,,,40.00,0.00,0,0,0
3/25/2020,40.00,,,40.00,0.00,0,0,0
3/24/2020,40.00,,,40.00,0.00,0,0,0
3/23/2020,40.00,,,40.00,0.00,0,0,0
3/20/2020,40.00,,,40.00,0.00,0,0,0
3/19/2020,40.00,,,40.00,0.00,0,0,0
3/18/2020,40.00,,,40.00,0.00,0,0,0
3/17/2020,40.00,,,40.00,0.00,0,0,0
3/16/2020,40.00,,,40.00,0.00,0,0,0
3/13/2020,40.00,,,40.00,0.00,0,0,0
3/12/2020,40.00,,,40.00,0.00,0,0,0
3/11/2020,40.00,,,40.00,0.00,0,0,0
3/10/2020,40.00,,,40.00,0.00,0,0,0
3/9/2020,40.00,,,40.00,0.00,0,0,0
3/6/2020,40.00,,,40.00,0.00,0,0,0
3/5/2020,40.00,,,40.00,0.00,0,0,0
3/4/2020,40.00,,,40.00,0.00,0,0,0
3/3/2020,40.00,,,40.00,0.00,0,0,0
3/2/2020,40.00,,,40.00,0.00,0,0,0
2/28/2020,40.00,,,40.00,0.00,0,0,0
2/27/2020,40.00,40.00,40.00,40.00,0.00,506,"20,240","20,240"
2/26/2020,40.00,,,40.00,0.00,0,0,0
2/25/2020,40.00,,,40.00,0.00,0,0,0
2/24/2020,40.00,,,40.00,0.00,0,0,0
2/21/2020,40.00,40.00,40.00,40.00,0.00,506,"20,240","20,240"
2/20/2020,40.00,,,40.00,0.00,0,0,0
2/19/2020,40.00,,,40.00,0.00,0,0,0
2/18/2020,40.00,,,40.00,0.00,0,0,0
2/17/2020,40.00,,,40.00,0.00,0,0,0
2/14/2020,40.00,,,40.00,0.00,0,0,0
2/13/2020,40.00,,,40.00,0.00,0,0,0
2/12/2020,40.00,,,40.00,0.00,0,0,0
2/11/2020,40.00,40.00,40.00,40.00,0.00,185,"7,400","7,400"
2/10/2020,40.00,,,40.00,0.00,0,0,0
2/7/2020,40.00,,,40.00,0.00,0,0,0
2/6/2020,40.00,,,40.00,0.00,0,0,0
2/5/2020,40.00,,,40.00,0.00,0,0,0
2/4/2020,40.00,,,40.00,0.00,0,0,0
2/3/2020,40.00,,,40.00,0.00,0,0,0
1/31/2020,40.00,,,40.00,0.00,0,0,0
1/30/2020,40.00,,,40.00,0.00,0,0,0
1/29/2020,40.00,,,40.00,0.00,0,0,0
1/28/2020,40.00,,,40.00,0.00,0,0,0
1/27/2020,40.00,,,40.00,0.00,0,0,0
1/24/2020,40.00,,,40.00,0.00,0,0,0
1/23/2020,40.00,,,40.00,0.00,0,0,0
1/22/2020,40.00,,,40.00,0.00,0,0,0
1/21/2020,40.00,,,40.00,0.00,0,0,0
1/20/2020,40.00,,,40.00,0.00,0,0,0
1/17/2020,40.00,,,40.00,0.00,0,0,0
1/16/2020,40.00,,,40.00,0.00,0,0,0
1/15/2020,40.00,,,40.00,0.00,0,0,0
1/14/2020,40.00,,,40.00,0.00,0,0,0
1/13/2020,40.00,,,40.00,0.00,0,0,0
1/10/2020,40.00,,,40.00,0.00,0,0,0
1/9/2020,40.00,,,40.00,0.00,0,0,0
1/8/2020,40.00,,,40.00,0.00,0,0,0
1/3/2020,40.00,,,40.00,0.00,0,0,0
1/2/2020,40.00,,,40.00,0.00,0,0,0
12/30/2021,60.00,,,60.00,0.00,0,0,0
12/29/2021,60.00,,,60.00,0.00,0,0,0
12/28/2021,60.00,,,60.00,0.00,0,0,0
12/27/2021,60.00,,,60.00,0.00,0,0,0
12/24/2021,60.00,60.00,60.00,60.00,-9.09,"1,300","78,000","78,000"
12/23/2021,66.00,,,66.00,0.00,0,0,0
12/22/2021,66.00,,,66.00,0.00,0,0,0
12/21/2021,66.00,,,66.00,0.00,0,0,0
12/20/2021,66.00,,,66.00,0.00,0,0,0
12/17/2021,66.00,,,66.00,0.00,0,0,0
12/16/2021,66.00,,,66.00,0.00,0,0,0
12/15/2021,66.00,,,66.00,0.00,0,0,0
12/14/2021,66.00,,,66.00,0.00,0,0,0
12/13/2021,66.00,,,66.00,0.00,0,0,0
12/10/2021,66.00,,,66.00,0.00,0,0,0
12/9/2021,66.00,,,66.00,0.00,0,0,0
12/7/2021,66.00,,,66.00,0.00,0,0,0
12/6/2021,66.00,,,66.00,0.00,0,0,0
12/3/2021,66.00,,,66.00,0.00,0,0,0
12/2/2021,66.00,,,66.00,0.00,0,0,0
12/1/2021,66.00,,,66.00,0.00,0,0,0
11/30/2021,66.00,,,66.00,0.00,0,0,0
11/29/2021,66.00,,,66.00,0.00,0,0,0
11/26/2021,66.00,,,66.00,0.00,0,0,0
11/25/2021,66.00,,,66.00,0.00,0,0,0
11/24/2021,66.00,66.00,66.00,66.00,0.00,106,"6,996","6,996"
11/23/2021,66.00,66.00,66.00,66.00,0.00,300,"19,800","19,800"
11/22/2021,66.00,,,66.00,0.00,0,0,0
11/19/2021,66.00,66.00,66.00,66.00,-0.05,"1,062","70,092","70,092"
11/18/2021,66.00,,,66.03,0.00,0,0,0
11/17/2021,66.00,,,66.03,0.00,0,0,0
11/16/2021,66.00,67.00,66.00,66.03,0.05,"3,150","208,000","208,000"
11/15/2021,66.00,,,66.00,0.00,0,0,0
11/12/2021,66.00,,,66.00,0.00,0,0,0
11/11/2021,66.00,,,66.00,0.00,0,0,0
11/10/2021,66.00,,,66.00,0.00,0,0,0
11/9/2021,66.00,,,66.00,0.00,0,0,0
11/8/2021,66.00,,,66.00,0.00,0,0,0
11/5/2021,66.00,66.00,66.00,66.00,-2.94,781,"51,546","51,546"
11/4/2021,68.00,68.00,68.00,68.00,4.62,400,"27,200","27,200"
11/3/2021,65.00,,,65.00,0.00,0,0,0
11/2/2021,65.00,65.00,65.00,65.00,0.00,630,"40,950","40,950"
11/1/2021,65.00,,,65.00,0.00,0,0,0
10/29/2021,65.00,,,65.00,0.00,0,0,0
10/28/2021,65.00,,,65.00,0.00,0,0,0
10/27/2021,65.00,,,65.00,0.00,0,0,0
10/26/2021,65.00,,,65.00,0.00,0,0,0
10/25/2021,65.00,,,65.00,0.00,0,0,0
10/22/2021,65.00,,,65.00,0.00,0,0,0
10/21/2021,65.00,65.00,65.00,65.00,4.84,668,"43,420","43,420"
10/20/2021,62.00,62.00,62.00,62.00,1.64,"1,155","71,610","71,610"
10/19/2021,61.00,,,61.00,0.00,0,0,0
10/18/2021,61.00,,,61.00,0.00,0,0,0
10/15/2021,61.00,61.00,61.00,61.00,-1.61,"1,531","93,391","93,391"
10/14/2021,62.00,,,62.00,0.00,0,0,0
10/13/2021,62.00,,,62.00,0.00,0,0,0
10/12/2021,62.00,,,62.00,0.00,0,0,0
10/8/2021,62.00,,,62.00,0.00,0,0,0
10/7/2021,62.00,62.00,62.00,62.00,1.64,781,"48,422","48,422"
10/6/2021,61.00,,,61.00,0.00,0,0,0
10/5/2021,61.00,,,61.00,0.00,0,0,0
10/4/2021,61.00,,,61.00,0.00,0,0,0
10/1/2021,61.00,,,61.00,0.00,0,0,0
9/30/2021,61.00,,,61.00,0.00,0,0,0
9/29/2021,61.00,,,61.00,0.00,0,0,0
9/28/2021,61.00,61.00,61.00,61.00,3.39,937,"57,157","57,157"
9/27/2021,59.00,,,59.00,0.00,0,0,0
9/24/2021,59.00,,,59.00,0.00,0,0,0
9/23/2021,59.00,59.00,59.00,59.00,-2.85,460,"27,140","27,140"
9/22/2021,61.00,61.00,60.00,60.73,-0.44,555,"33,705","33,705"
9/21/2021,61.00,,,61.00,0.00,0,0,0
9/20/2021,61.00,,,61.00,0.00,0,0,0
9/17/2021,61.00,,,61.00,0.00,0,0,0
9/16/2021,61.00,,,61.00,0.00,0,0,0
9/15/2021,61.00,,,61.00,0.00,0,0,0
9/14/2021,61.00,,,61.00,0.00,0,0,0
9/13/2021,61.00,,,61.00,0.00,0,0,0
9/10/2021,61.00,,,61.00,0.00,0,0,0
9/9/2021,61.00,,,61.00,0.00,0,0,0
9/7/2021,61.00,,,61.00,0.00,0,0,0
9/6/2021,61.00,,,61.00,0.00,0,0,0
9/3/2021,61.00,,,61.00,0.00,0,0,0
9/2/2021,61.00,61.00,61.00,61.00,0.00,400,"24,400","24,400"
9/1/2021,61.00,,,61.00,0.00,0,0,0
8/31/2021,61.00,,,61.00,0.00,0,0,0
8/30/2021,61.00,,,61.00,0.00,0,0,0
8/27/2021,61.00,,,61.00,0.00,0,0,0
8/26/2021,61.00,,,61.00,0.00,0,0,0
8/25/2021,61.00,,,61.00,0.00,0,0,0
8/24/2021,61.00,,,61.00,0.00,0,0,0
8/23/2021,61.00,,,61.00,0.00,0,0,0
8/20/2021,61.00,61.00,61.00,61.00,-1.61,100,"6,100","6,100"
8/19/2021,62.00,,,62.00,0.00,0,0,0
8/18/2021,62.00,,,62.00,0.00,0,0,0
8/17/2021,62.00,,,62.00,0.00,0,0,0
8/16/2021,62.00,,,62.00,0.00,0,0,0
8/13/2021,62.00,62.00,62.00,62.00,0.00,500,"31,000","31,000"
8/12/2021,62.00,62.00,62.00,62.00,1.64,"1,368","84,816","84,816"
8/11/2021,61.00,,,61.00,0.00,0,0,0
8/10/2021,61.00,,,61.00,0.00,0,0,0
8/9/2021,61.00,,,61.00,0.00,0,0,0
8/6/2021,61.00,,,61.00,0.00,0,0,0
8/5/2021,61.00,61.00,61.00,61.00,0.00,"1,000","61,000","61,000"
8/4/2021,61.00,,,61.00,0.00,0,0,0
8/3/2021,61.00,,,61.00,0.00,0,0,0
7/30/2021,61.00,,,61.00,0.00,0,0,0
7/29/2021,61.00,,,61.00,0.00,0,0,0
7/28/2021,61.00,,,61.00,0.00,0,0,0
7/27/2021,61.00,,,61.00,0.00,0,0,0
7/26/2021,61.00,,,61.00,0.00,0,0,0
7/23/2021,61.00,,,61.00,0.00,0,0,0
7/22/2021,61.00,,,61.00,0.00,0,0,0
7/21/2021,61.00,,,61.00,0.00,0,0,0
7/20/2021,61.00,61.00,61.00,61.00,1.67,500,"30,500","30,500"
7/19/2021,60.00,60.00,60.00,60.00,15.38,360,"21,600","21,600"
7/16/2021,52.00,,,52.00,0.00,0,0,0
7/15/2021,52.00,52.00,52.00,52.00,0.00,768,"39,936","39,936"
7/14/2021,52.00,,,52.00,0.00,0,0,0
7/13/2021,52.00,,,52.00,0.00,0,0,0
7/12/2021,52.00,52.00,52.00,52.00,0.00,600,"31,200","31,200"
7/9/2021,52.00,,,52.00,0.00,0,0,0
7/8/2021,52.00,,,52.00,0.00,0,0,0
7/7/2021,52.00,,,52.00,0.00,0,0,0
7/6/2021,52.00,,,52.00,0.00,0,0,0
7/5/2021,52.00,,,52.00,0.00,0,0,0
7/2/2021,52.00,,,52.00,0.00,0,0,0
7/1/2021,52.00,,,52.00,0.00,0,0,0
6/30/2021,52.00,,,52.00,0.00,0,0,0
6/29/2021,52.00,,,52.00,0.00,0,0,0
6/28/2021,52.00,,,52.00,0.00,0,0,0
6/25/2021,52.00,,,52.00,0.00,0,0,0
6/24/2021,52.00,52.00,52.00,52.00,0.00,400,"20,800","20,800"
6/23/2021,52.00,52.00,52.00,52.00,-20.00,"1,000","52,000","52,000"
6/22/2021,65.00,,,65.00,0.00,0,0,0
6/21/2021,65.00,,,65.00,0.00,0,0,0
6/17/2021,65.00,,,65.00,0.00,0,0,0
6/16/2021,65.00,,,65.00,0.00,0,0,0
6/15/2021,65.00,,,65.00,0.00,0,0,0
6/14/2021,65.00,65.00,65.00,65.00,-7.14,500,"32,500","32,500"
6/11/2021,70.00,70.00,70.00,70.00,34.62,545,"38,150","38,150"
6/10/2021,52.00,52.00,52.00,52.00,-1.89,"1,000","52,000","52,000"
6/9/2021,53.00,53.00,53.00,53.00,-3.64,340,"18,020","18,020"
6/8/2021,55.00,,,55.00,0.00,0,0,0
6/7/2021,55.00,,,55.00,0.00,0,0,0
6/4/2021,55.00,55.00,55.00,55.00,7.84,283,"15,565","15,565"
6/3/2021,51.00,,,51.00,0.00,0,0,0
6/2/2021,51.00,,,51.00,0.00,0,0,0
6/1/2021,51.00,,,51.00,0.00,0,0,0
5/31/2021,51.00,,,51.00,0.00,0,0,0
5/28/2021,51.00,,,51.00,0.00,0,0,0
5/27/2021,51.00,,,51.00,0.00,0,0,0
5/26/2021,51.00,,,51.00,0.00,0,0,0
5/25/2021,51.00,,,51.00,0.00,0,0,0
5/21/2021,51.00,,,51.00,0.00,0,0,0
5/20/2021,51.00,,,51.00,0.00,0,0,0
5/19/2021,51.00,,,51.00,0.00,0,0,0
5/18/2021,51.00,,,51.00,0.00,0,0,0
5/17/2021,51.00,,,51.00,0.00,0,0,0
5/14/2021,51.00,51.00,51.00,51.00,2.00,781,"39,831","39,831"
5/12/2021,50.00,50.00,50.00,50.00,0.00,700,"35,000","35,000"
5/11/2021,50.00,,,50.00,0.00,0,0,0
5/10/2021,50.00,,,50.00,0.00,0,0,0
5/7/2021,50.00,,,50.00,0.00,0,0,0
5/6/2021,50.00,,,50.00,0.00,0,0,0
5/5/2021,50.00,,,50.00,0.00,0,0,0
5/4/2021,50.00,,,50.00,0.00,0,0,0
4/29/2021,50.00,,,50.00,0.00,0,0,0
4/28/2021,50.00,50.00,50.00,50.00,0.00,308,"15,400","15,400"
4/27/2021,50.00,,,50.00,0.00,0,0,0
4/26/2021,50.00,,,50.00,0.00,0,0,0
4/23/2021,50.00,,,50.00,0.00,0,0,0
4/22/2021,50.00,,,50.00,0.00,0,0,0
4/21/2021,50.00,,,50.00,0.00,0,0,0
4/20/2021,50.00,,,50.00,0.00,0,0,0
4/19/2021,50.00,,,50.00,0.00,0,0,0
4/16/2021,50.00,,,50.00,0.00,0,0,0
4/15/2021,50.00,,,50.00,0.00,0,0,0
4/14/2021,50.00,,,50.00,0.00,0,0,0
4/13/2021,50.00,,,50.00,0.00,0,0,0
4/12/2021,50.00,,,50.00,0.00,0,0,0
4/9/2021,50.00,50.00,50.00,50.00,0.00,500,"25,000","25,000"
4/8/2021,50.00,,,50.00,0.00,0,0,0
4/7/2021,50.00,,,50.00,0.00,0,0,0
4/6/2021,50.00,,,50.00,0.00,0,0,0
4/5/2021,50.00,,,50.00,0.00,0,0,0
4/2/2021,50.00,,,50.00,0.00,0,0,0
4/1/2021,50.00,,,50.00,0.00,0,0,0
3/31/2021,50.00,,,50.00,0.00,0,0,0
3/30/2021,50.00,,,50.00,0.00,0,0,0
3/29/2021,50.00,,,50.00,0.00,0,0,0
3/26/2021,50.00,,,50.00,0.00,0,0,0
3/25/2021,50.00,50.00,50.00,50.00,0.00,520,"26,000","26,000"
3/24/2021,50.00,,,50.00,0.00,0,0,0
3/23/2021,50.00,,,50.00,0.00,0,0,0
3/22/2021,50.00,,,50.00,0.00,0,0,0
3/19/2021,50.00,,,50.00,0.00,0,0,0
3/18/2021,50.00,,,50.00,0.00,0,0,0
3/17/2021,50.00,,,50.00,0.00,0,0,0
3/16/2021,50.00,50.00,50.00,50.00,0.00,315,"15,750","15,750"
3/15/2021,50.00,,,50.00,0.00,0,0,0
3/12/2021,50.00,50.00,50.00,50.00,-3.85,160,"8,000","8,000"
3/11/2021,52.00,,,52.00,0.00,0,0,0
3/10/2021,52.00,,,52.00,0.00,0,0,0
3/9/2021,52.00,,,52.00,0.00,0,0,0
3/8/2021,52.00,,,52.00,0.00,0,0,0
3/5/2021,52.00,,,52.00,0.00,0,0,0
3/4/2021,52.00,,,52.00,0.00,0,0,0
3/3/2021,52.00,,,52.00,0.00,0,0,0
3/2/2021,52.00,52.00,52.00,52.00,18.18,110,"5,720","5,720"
3/1/2021,44.00,,,44.00,0.00,0,0,0
2/26/2021,44.00,,,44.00,0.00,0,0,0
2/25/2021,44.00,,,44.00,0.00,0,0,0
2/24/2021,44.00,,,44.00,0.00,0,0,0
2/23/2021,44.00,,,44.00,0.00,0,0,0
2/22/2021,44.00,,,44.00,0.00,0,0,0
2/19/2021,44.00,,,44.00,0.00,0,0,0
2/18/2021,44.00,,,44.00,0.00,0,0,0
2/17/2021,44.00,,,44.00,0.00,0,0,0
2/16/2021,44.00,,,44.00,0.00,0,0,0
2/15/2021,44.00,,,44.00,0.00,0,0,0
2/12/2021,44.00,,,44.00,0.00,0,0,0
2/11/2021,44.00,,,44.00,0.00,0,0,0
2/10/2021,44.00,,,44.00,0.00,0,0,0
2/9/2021,44.00,,,44.00,0.00,0,0,0
2/8/2021,44.00,,,44.00,0.00,0,0,0
2/5/2021,44.00,,,44.00,0.00,0,0,0
2/4/2021,44.00,,,44.00,0.00,0,0,0
2/3/2021,44.00,,,44.00,0.00,0,0,0
2/2/2021,44.00,,,44.00,0.00,0,0,0
2/1/2021,44.00,,,44.00,0.00,0,0,0
1/29/2021,44.00,,,44.00,0.00,0,0,0
1/28/2021,44.00,,,44.00,0.00,0,0,0
1/27/2021,44.00,,,44.00,0.00,0,0,0
1/26/2021,44.00,,,44.00,0.00,0,0,0
1/25/2021,44.00,,,44.00,0.00,0,0,0
1/22/2021,44.00,,,44.00,0.00,0,0,0
1/21/2021,44.00,,,44.00,0.00,0,0,0
1/20/2021,44.00,,,44.00,0.00,0,0,0
1/18/2021,44.00,,,44.00,0.00,0,0,0
1/15/2021,44.00,,,44.00,0.00,0,0,0
1/14/2021,44.00,,,44.00,0.00,0,0,0
1/13/2021,44.00,,,44.00,0.00,0,0,0
1/12/2021,44.00,,,44.00,0.00,0,0,0
1/11/2021,44.00,,,44.00,0.00,0,0,0
1/8/2021,44.00,,,44.00,0.00,0,0,0
1/5/2021,44.00,,,44.00,0.00,0,0,0
1/4/2021,44.00,,,44.00,0.00,0,0,0
12/29/2022,39.00,,,39.00,0.00,0,0,0
12/28/2022,39.00,,,39.00,0.00,0,0,0
12/27/2022,39.00,,,39.00,0.00,0,0,0
12/26/2022,39.00,,,39.00,0.00,0,0,0
12/23/2022,39.00,39.00,39.00,39.00,-2.50,"3,479","135,681","135,681"
12/22/2022,40.00,,,40.00,0.00,0,0,0
12/21/2022,40.00,,,40.00,0.00,0,0,0
12/20/2022,40.00,40.00,40.00,40.00,0.00,"1,000","40,000","40,000"
12/19/2022,40.00,,,40.00,0.00,0,0,0
12/16/2022,40.00,,,40.00,0.00,0,0,0
12/15/2022,40.00,,,40.00,0.00,0,0,0
12/14/2022,40.00,,,40.00,0.00,0,0,0
12/13/2022,40.00,,,40.00,0.00,0,0,0
12/12/2022,40.00,,,40.00,0.00,0,0,0
12/9/2022,40.00,,,40.00,0.00,0,0,0
12/7/2022,40.00,,,40.00,0.00,0,0,0
12/6/2022,40.00,,,40.00,0.00,0,0,0
12/5/2022,40.00,,,40.00,0.00,0,0,0
12/2/2022,40.00,,,40.00,0.00,0,0,0
12/1/2022,40.00,,,40.00,0.00,0,0,0
11/30/2022,40.00,40.00,40.00,40.00,-20.00,200,"8,000","8,000"
11/29/2022,50.00,,,50.00,0.00,0,0,0
11/28/2022,50.00,,,50.00,0.00,0,0,0
11/25/2022,50.00,,,50.00,0.00,0,0,0
11/24/2022,50.00,,,50.00,0.00,0,0,0
11/23/2022,50.00,,,50.00,0.00,0,0,0
11/22/2022,50.00,,,50.00,0.00,0,0,0
11/21/2022,50.00,,,50.00,0.00,0,0,0
11/18/2022,50.00,,,50.00,0.00,0,0,0
11/17/2022,50.00,,,50.00,0.00,0,0,0
11/16/2022,50.00,,,50.00,0.00,0,0,0
11/15/2022,50.00,,,50.00,0.00,0,0,0
11/14/2022,50.00,,,50.00,0.00,0,0,0
11/11/2022,50.00,,,50.00,0.00,0,0,0
11/10/2022,50.00,,,50.00,0.00,0,0,0
11/9/2022,50.00,,,50.00,0.00,0,0,0
11/8/2022,50.00,,,50.00,0.00,0,0,0
11/7/2022,50.00,,,50.00,0.00,0,0,0
11/4/2022,50.00,,,50.00,0.00,0,0,0
11/3/2022,50.00,,,50.00,0.00,0,0,0
11/2/2022,50.00,,,50.00,0.00,0,0,0
11/1/2022,50.00,,,50.00,0.00,0,0,0
10/31/2022,50.00,,,50.00,0.00,0,0,0
10/28/2022,50.00,,,50.00,0.00,0,0,0
10/27/2022,50.00,,,50.00,0.00,0,0,0
10/26/2022,50.00,,,50.00,0.00,0,0,0
10/25/2022,50.00,,,50.00,0.00,0,0,0
10/21/2022,50.00,,,50.00,0.00,0,0,0
10/20/2022,50.00,,,50.00,0.00,0,0,0
10/19/2022,50.00,,,50.00,0.00,0,0,0
10/18/2022,50.00,,,50.00,0.00,0,0,0
10/17/2022,50.00,,,50.00,0.00,0,0,0
10/14/2022,50.00,,,50.00,0.00,0,0,0
10/13/2022,50.00,,,50.00,0.00,0,0,0
10/12/2022,50.00,,,50.00,0.00,0,0,0
10/10/2022,50.00,,,50.00,0.00,0,0,0
10/7/2022,50.00,,,50.00,0.00,0,0,0
10/6/2022,50.00,,,50.00,0.00,0,0,0
10/5/2022,50.00,,,50.00,0.00,0,0,0
10/4/2022,50.00,,,50.00,0.00,0,0,0
10/3/2022,50.00,,,50.00,0.00,0,0,0
9/30/2022,50.00,,,50.00,0.00,0,0,0
9/29/2022,50.00,,,50.00,0.00,0,0,0
9/28/2022,50.00,50.00,50.00,50.00,0.00,150,"7,500","7,500"
9/27/2022,50.00,,,50.00,0.00,0,0,0
9/26/2022,50.00,,,50.00,0.00,0,0,0
9/23/2022,50.00,,,50.00,0.00,0,0,0
9/22/2022,50.00,,,50.00,0.00,0,0,0
9/21/2022,50.00,,,50.00,0.00,0,0,0
9/20/2022,50.00,,,50.00,0.00,0,0,0
9/19/2022,50.00,,,50.00,0.00,0,0,0
9/16/2022,50.00,,,50.00,0.00,0,0,0
9/15/2022,50.00,,,50.00,0.00,0,0,0
9/14/2022,50.00,50.00,50.00,50.00,0.00,65,"3,250","3,250"
9/13/2022,50.00,,,50.00,0.00,0,0,0
9/12/2022,50.00,,,50.00,0.00,0,0,0
9/9/2022,50.00,,,50.00,0.00,0,0,0
9/7/2022,50.00,,,50.00,0.00,0,0,0
9/6/2022,50.00,,,50.00,0.00,0,0,0
9/5/2022,50.00,,,50.00,0.00,0,0,0
9/2/2022,50.00,50.00,50.00,50.00,0.00,319,"15,950","15,950"
9/1/2022,50.00,,,50.00,0.00,0,0,0
8/31/2022,50.00,,,50.00,0.00,0,0,0
8/30/2022,50.00,,,50.00,0.00,0,0,0
8/29/2022,50.00,,,50.00,0.00,0,0,0
8/26/2022,50.00,,,50.00,0.00,0,0,0
8/25/2022,50.00,50.00,50.00,50.00,-10.71,996,"49,800","49,800"
8/24/2022,56.00,,,56.00,0.00,0,0,0
8/23/2022,56.00,,,56.00,0.00,0,0,0
8/22/2022,56.00,,,56.00,0.00,0,0,0
8/19/2022,56.00,,,56.00,0.00,0,0,0
8/18/2022,56.00,56.00,56.00,56.00,1.82,197,"11,032","11,032"
8/17/2022,55.00,,,55.00,0.00,0,0,0
8/16/2022,55.00,,,55.00,0.00,0,0,0
8/15/2022,55.00,,,55.00,0.00,0,0,0
8/12/2022,55.00,,,55.00,0.00,0,0,0
8/11/2022,55.00,,,55.00,0.00,0,0,0
8/10/2022,55.00,,,55.00,0.00,0,0,0
8/9/2022,55.00,,,55.00,0.00,0,0,0
8/8/2022,55.00,,,55.00,0.00,0,0,0
8/5/2022,55.00,,,55.00,0.00,0,0,0
8/4/2022,55.00,,,55.00,0.00,0,0,0
8/3/2022,55.00,,,55.00,0.00,0,0,0
8/1/2022,55.00,,,55.00,0.00,0,0,0
7/29/2022,55.00,,,55.00,0.00,0,0,0
7/28/2022,55.00,,,55.00,0.00,0,0,0
7/27/2022,55.00,,,55.00,0.00,0,0,0
7/26/2022,55.00,55.00,55.00,55.00,7.84,640,"35,200","35,200"
7/25/2022,51.00,,,51.00,0.00,0,0,0
7/22/2022,51.00,,,51.00,0.00,0,0,0
7/21/2022,51.00,,,51.00,0.00,0,0,0
7/20/2022,51.00,,,51.00,0.00,0,0,0
7/19/2022,51.00,,,51.00,0.00,0,0,0
7/18/2022,51.00,,,51.00,0.00,0,0,0
7/15/2022,51.00,,,51.00,0.00,0,0,0
7/14/2022,51.00,,,51.00,0.00,0,0,0
7/13/2022,51.00,,,51.00,0.00,0,0,0
7/12/2022,51.00,,,51.00,0.00,0,0,0
7/11/2022,51.00,,,51.00,0.00,0,0,0
7/8/2022,51.00,,,51.00,0.00,0,0,0
7/7/2022,51.00,,,51.00,0.00,0,0,0
7/6/2022,51.00,,,51.00,0.00,0,0,0
7/5/2022,51.00,,,51.00,0.00,0,0,0
7/4/2022,51.00,51.00,51.00,51.00,-15.00,150,"7,650","7,650"
7/1/2022,60.00,,,60.00,0.00,0,0,0
6/30/2022,60.00,,,60.00,0.00,0,0,0
6/29/2022,60.00,,,60.00,0.00,0,0,0
6/28/2022,60.00,,,60.00,0.00,0,0,0
6/27/2022,60.00,,,60.00,0.00,0,0,0
6/24/2022,60.00,,,60.00,0.00,0,0,0
6/23/2022,60.00,,,60.00,0.00,0,0,0
6/22/2022,60.00,,,60.00,0.00,0,0,0
6/21/2022,60.00,,,60.00,0.00,0,0,0
6/20/2022,60.00,,,60.00,0.00,0,0,0
6/17/2022,60.00,,,60.00,0.00,0,0,0
6/16/2022,60.00,60.00,60.00,60.00,0.00,700,"42,000","42,000"
6/15/2022,60.00,,,60.00,0.00,0,0,0
6/14/2022,60.00,,,60.00,0.00,0,0,0
6/13/2022,60.00,,,60.00,0.00,0,0,0
6/9/2022,60.00,,,60.00,0.00,0,0,0
6/8/2022,60.00,60.00,60.00,60.00,-7.69,254,"15,240","15,240"
6/7/2022,65.00,,,65.00,0.00,0,0,0
6/6/2022,65.00,,,65.00,0.00,0,0,0
6/3/2022,65.00,,,65.00,0.00,0,0,0
6/2/2022,65.00,,,65.00,0.00,0,0,0
6/1/2022,65.00,,,65.00,0.00,0,0,0
5/31/2022,65.00,,,65.00,0.00,0,0,0
5/30/2022,65.00,,,65.00,0.00,0,0,0
5/27/2022,65.00,,,65.00,0.00,0,0,0
5/26/2022,65.00,,,65.00,0.00,0,0,0
5/25/2022,65.00,,,65.00,0.00,0,0,0
5/23/2022,65.00,,,65.00,0.00,0,0,0
5/20/2022,65.00,,,65.00,0.00,0,0,0
5/19/2022,65.00,,,65.00,0.00,0,0,0
5/18/2022,65.00,,,65.00,0.00,0,0,0
5/17/2022,65.00,,,65.00,0.00,0,0,0
5/16/2022,65.00,,,65.00,0.00,0,0,0
5/13/2022,65.00,,,65.00,0.00,0,0,0
5/12/2022,65.00,,,65.00,0.00,0,0,0
5/11/2022,65.00,,,65.00,0.00,0,0,0
5/10/2022,65.00,,,65.00,0.00,0,0,0
5/9/2022,65.00,,,65.00,0.00,0,0,0
5/6/2022,65.00,,,65.00,0.00,0,0,0
5/5/2022,65.00,,,65.00,0.00,0,0,0
5/4/2022,65.00,,,65.00,0.00,0,0,0
5/3/2022,65.00,,,65.00,0.00,0,0,0
4/29/2022,65.00,,,65.00,0.00,0,0,0
4/28/2022,65.00,,,65.00,0.00,0,0,0
4/27/2022,65.00,,,65.00,0.00,0,0,0
4/26/2022,65.00,,,65.00,0.00,0,0,0
4/21/2022,65.00,,,65.00,0.00,0,0,0
4/20/2022,65.00,,,65.00,0.00,0,0,0
4/19/2022,65.00,,,65.00,0.00,0,0,0
4/18/2022,65.00,65.00,65.00,65.00,-2.37,500,"32,500","32,500"
4/15/2022,67.00,,,66.58,0.00,0,0,0
4/14/2022,67.00,,,66.58,0.00,0,0,0
4/13/2022,67.00,,,66.58,0.00,0,0,0
4/12/2022,67.00,,,66.58,0.00,0,0,0
4/11/2022,67.00,,,66.58,0.00,0,0,0
4/8/2022,67.00,,,66.58,0.00,0,0,0
4/7/2022,67.00,,,66.58,0.00,0,0,0
4/6/2022,67.00,,,66.58,0.00,0,0,0
4/5/2022,67.00,67.00,66.00,66.58,-0.63,"2,360","157,120","157,120"
4/4/2022,67.00,,,67.00,0.00,0,0,0
4/1/2022,67.00,67.00,67.00,67.00,8.06,200,"13,400","13,400"
3/31/2022,62.00,,,62.00,0.00,0,0,0
3/30/2022,62.00,,,62.00,0.00,0,0,0
3/29/2022,62.00,62.00,62.00,62.00,-6.06,"3,335","206,770","206,770"
3/28/2022,66.00,,,66.00,0.00,0,0,0
3/25/2022,66.00,,,66.00,0.00,0,0,0
3/24/2022,66.00,,,66.00,0.00,0,0,0
3/23/2022,66.00,,,66.00,0.00,0,0,0
3/22/2022,66.00,,,66.00,0.00,0,0,0
3/21/2022,66.00,,,66.00,0.00,0,0,0
3/18/2022,66.00,,,66.00,0.00,0,0,0
3/17/2022,66.00,,,66.00,0.00,0,0,0
3/16/2022,66.00,66.00,66.00,66.00,6.45,100,"6,600","6,600"
3/15/2022,62.00,,,62.00,0.00,0,0,0
3/14/2022,62.00,62.00,62.00,62.00,0.00,500,"31,000","31,000"
3/11/2022,62.00,,,62.00,0.00,0,0,0
3/10/2022,62.00,,,62.00,0.00,0,0,0
3/9/2022,62.00,62.00,62.00,62.00,-1.59,500,"31,000","31,000"
3/8/2022,63.00,,,63.00,0.00,0,0,0
3/7/2022,63.00,,,63.00,0.00,0,0,0
3/4/2022,63.00,,,63.00,0.00,0,0,0
3/3/2022,63.00,,,63.00,0.00,0,0,0
3/2/2022,63.00,,,63.00,0.00,0,0,0
3/1/2022,63.00,63.00,63.00,63.00,0.00,206,"12,978","12,978"
2/28/2022,63.00,,,63.00,0.00,0,0,0
2/25/2022,63.00,,,63.00,0.00,0,0,0
2/24/2022,63.00,63.00,63.00,63.00,-8.70,300,"18,900","18,900"
2/23/2022,69.00,,,69.00,0.00,0,0,0
2/22/2022,69.00,69.00,69.00,69.00,-9.21,250,"17,250","17,250"
2/21/2022,76.00,,,76.00,0.00,0,0,0
2/18/2022,76.00,76.00,76.00,76.00,8.57,100,"7,600","7,600"
2/17/2022,70.00,70.00,70.00,70.00,6.00,600,"42,000","42,000"
2/16/2022,67.00,67.00,66.00,66.04,1.60,"1,350","89,150","89,150"
2/15/2022,65.00,,,65.00,0.00,0,0,0
2/14/2022,65.00,,,65.00,0.00,0,0,0
2/11/2022,65.00,,,65.00,0.00,0,0,0
2/10/2022,65.00,,,65.00,0.00,0,0,0
2/9/2022,65.00,65.00,65.00,65.00,-1.52,714,"46,410","46,410"
2/8/2022,66.00,66.00,66.00,66.00,4.76,483,"31,878","31,878"
2/7/2022,63.00,63.00,63.00,63.00,1.78,160,"10,080","10,080"
2/4/2022,62.00,62.00,61.00,61.90,3.17,"1,073","66,424","66,424"
2/3/2022,60.00,,,60.00,0.00,0,0,0
2/2/2022,60.00,,,60.00,0.00,0,0,0
2/1/2022,60.00,,,60.00,0.00,0,0,0
1/31/2022,60.00,,,60.00,0.00,0,0,0
1/28/2022,60.00,,,60.00,0.00,0,0,0
1/27/2022,60.00,60.00,60.00,60.00,0.00,100,"6,000","6,000"
1/26/2022,60.00,,,60.00,0.00,0,0,0
1/25/2022,60.00,,,60.00,0.00,0,0,0
1/24/2022,60.00,,,60.00,0.00,0,0,0
1/21/2022,60.00,,,60.00,0.00,0,0,0
1/20/2022,60.00,,,60.00,0.00,0,0,0
1/18/2022,60.00,,,60.00,0.00,0,0,0
1/17/2022,60.00,60.00,60.00,60.00,-0.51,"3,150","189,000","189,000"
1/14/2022,60.00,,,60.31,0.00,0,0,0
1/13/2022,60.00,,,60.31,0.00,0,0,0
1/12/2022,60.00,,,60.31,0.00,0,0,0
1/11/2022,60.00,,,60.31,0.00,0,0,0
1/10/2022,60.00,,,60.31,0.00,0,0,0
1/5/2022,60.00,,,60.31,0.00,0,0,0
1/4/2022,60.00,,,60.31,0.00,0,0,0
1/3/2022,60.00,61.00,60.00,60.31,0.52,"1,900","114,583","114,583"
12/28/2023,46.00,,,46.00,0.00,0,0,0
12/27/2023,46.00,,,46.00,0.00,0,0,0
12/26/2023,46.00,,,46.00,0.00,0,0,0
12/25/2023,46.00,,,46.00,0.00,0,0,0
12/22/2023,46.00,,,46.00,0.00,0,0,0
12/21/2023,46.00,,,46.00,0.00,0,0,0
12/20/2023,46.00,,,46.00,0.00,0,0,0
12/19/2023,46.00,,,46.00,0.00,0,0,0
12/18/2023,46.00,,,46.00,0.00,0,0,0
12/15/2023,46.00,,,46.00,0.00,0,0,0
12/14/2023,46.00,,,46.00,0.00,0,0,0
12/13/2023,46.00,,,46.00,0.00,0,0,0
12/12/2023,46.00,,,46.00,0.00,0,0,0
12/11/2023,46.00,,,46.00,0.00,0,0,0
12/7/2023,46.00,,,46.00,0.00,0,0,0
12/6/2023,46.00,,,46.00,0.00,0,0,0
12/5/2023,46.00,,,46.00,0.00,0,0,0
12/4/2023,46.00,,,46.00,0.00,0,0,0
12/1/2023,46.00,,,46.00,0.00,0,0,0
11/30/2023,46.00,,,46.00,0.00,0,0,0
11/29/2023,46.00,,,46.00,0.00,0,0,0
11/28/2023,46.00,,,46.00,0.00,0,0,0
11/27/2023,46.00,,,46.00,0.00,0,0,0
11/24/2023,46.00,,,46.00,0.00,0,0,0
11/23/2023,46.00,,,46.00,0.00,0,0,0
11/22/2023,46.00,,,46.00,0.00,0,0,0
11/21/2023,46.00,,,46.00,0.00,0,0,0
11/20/2023,46.00,,,46.00,0.00,0,0,0
11/17/2023,46.00,,,46.00,0.00,0,0,0
11/16/2023,46.00,,,46.00,0.00,0,0,0
11/15/2023,46.00,,,46.00,0.00,0,0,0
11/14/2023,46.00,,,46.00,0.00,0,0,0
11/13/2023,46.00,,,46.00,0.00,0,0,0
11/10/2023,46.00,,,46.00,0.00,0,0,0
11/9/2023,46.00,,,46.00,0.00,0,0,0
11/8/2023,46.00,,,46.00,0.00,0,0,0
11/7/2023,46.00,,,46.00,0.00,0,0,0
11/6/2023,46.00,,,46.00,0.00,0,0,0
11/3/2023,46.00,,,46.00,0.00,0,0,0
11/2/2023,46.00,,,46.00,0.00,0,0,0
11/1/2023,46.00,,,46.00,0.00,0,0,0
10/31/2023,46.00,,,46.00,0.00,0,0,0
10/30/2023,46.00,,,46.00,0.00,0,0,0
10/27/2023,46.00,,,46.00,0.00,0,0,0
10/26/2023,46.00,,,46.00,0.00,0,0,0
10/25/2023,46.00,,,46.00,0.00,0,0,0
10/24/2023,46.00,,,46.00,0.00,0,0,0
10/20/2023,46.00,,,46.00,0.00,0,0,0
10/19/2023,46.00,,,46.00,0.00,0,0,0
10/18/2023,46.00,,,46.00,0.00,0,0,0
10/17/2023,46.00,,,46.00,0.00,0,0,0
10/16/2023,46.00,,,46.00,0.00,0,0,0
10/13/2023,46.00,,,46.00,0.00,0,0,0
10/12/2023,46.00,,,46.00,0.00,0,0,0
10/10/2023,46.00,,,46.00,0.00,0,0,0
10/9/2023,46.00,,,46.00,0.00,0,0,0
10/6/2023,46.00,,,46.00,0.00,0,0,0
10/5/2023,46.00,,,46.00,0.00,0,0,0
10/4/2023,46.00,,,46.00,0.00,0,0,0
10/3/2023,46.00,,,46.00,0.00,0,0,0
10/2/2023,46.00,,,46.00,0.00,0,0,0
9/29/2023,46.00,,,46.00,0.00,0,0,0
9/28/2023,46.00,,,46.00,0.00,0,0,0
9/27/2023,46.00,,,46.00,0.00,0,0,0
9/26/2023,46.00,,,46.00,0.00,0,0,0
9/25/2023,46.00,,,46.00,0.00,0,0,0
9/22/2023,46.00,,,46.00,0.00,0,0,0
9/21/2023,46.00,,,46.00,0.00,0,0,0
9/20/2023,46.00,,,46.00,0.00,0,0,0
9/19/2023,46.00,,,46.00,0.00,0,0,0
9/18/2023,46.00,,,46.00,0.00,0,0,0
9/15/2023,46.00,,,46.00,0.00,0,0,0
9/14/2023,46.00,,,46.00,0.00,0,0,0
9/13/2023,46.00,,,46.00,0.00,0,0,0
9/12/2023,46.00,,,46.00,0.00,0,0,0
9/11/2023,46.00,,,46.00,0.00,0,0,0
9/7/2023,46.00,,,46.00,0.00,0,0,0
9/6/2023,46.00,,,46.00,0.00,0,0,0
9/5/2023,46.00,,,46.00,0.00,0,0,0
9/4/2023,46.00,,,46.00,0.00,0,0,0
9/1/2023,46.00,,,46.00,0.00,0,0,0
8/31/2023,46.00,,,46.00,0.00,0,0,0
8/30/2023,46.00,,,46.00,0.00,0,0,0
8/29/2023,46.00,,,46.00,0.00,0,0,0
8/25/2023,46.00,,,46.00,0.00,0,0,0
8/24/2023,46.00,,,46.00,0.00,0,0,0
8/23/2023,46.00,,,46.00,0.00,0,0,0
8/22/2023,46.00,,,46.00,0.00,0,0,0
8/21/2023,46.00,,,46.00,0.00,0,0,0
8/18/2023,46.00,,,46.00,0.00,0,0,0
8/17/2023,46.00,,,46.00,0.00,0,0,0
8/16/2023,46.00,,,46.00,0.00,0,0,0
8/15/2023,46.00,,,46.00,0.00,0,0,0
8/14/2023,46.00,,,46.00,0.00,0,0,0
8/11/2023,46.00,,,46.00,0.00,0,0,0
8/10/2023,46.00,,,46.00,0.00,0,0,0
8/9/2023,46.00,,,46.00,0.00,0,0,0
8/8/2023,46.00,,,46.00,0.00,0,0,0
8/7/2023,46.00,,,46.00,0.00,0,0,0
8/4/2023,46.00,,,46.00,0.00,0,0,0
8/3/2023,46.00,,,46.00,0.00,0,0,0
8/1/2023,46.00,,,46.00,0.00,0,0,0
7/31/2023,46.00,,,46.00,0.00,0,0,0
7/28/2023,46.00,,,46.00,0.00,0,0,0
7/27/2023,46.00,,,46.00,0.00,0,0,0
7/26/2023,46.00,,,46.00,0.00,0,0,0
7/25/2023,46.00,,,46.00,0.00,0,0,0
7/24/2023,46.00,,,46.00,0.00,0,0,0
7/21/2023,46.00,,,46.00,0.00,0,0,0
7/20/2023,46.00,,,46.00,0.00,0,0,0
7/19/2023,46.00,,,46.00,0.00,0,0,0
7/18/2023,46.00,,,46.00,0.00,0,0,0
7/17/2023,46.00,,,46.00,0.00,0,0,0
7/14/2023,46.00,,,46.00,0.00,0,0,0
7/13/2023,46.00,46.00,46.00,46.00,0.00,"1,774","81,604","81,604"
7/12/2023,46.00,,,46.00,0.00,0,0,0
7/11/2023,46.00,,,46.00,0.00,0,0,0
7/10/2023,46.00,,,46.00,0.00,0,0,0
7/7/2023,46.00,46.00,46.00,46.00,2.22,330,"15,180","15,180"
7/6/2023,45.00,,,45.00,0.00,0,0,0
7/5/2023,45.00,,,45.00,0.00,0,0,0
7/4/2023,45.00,,,45.00,0.00,0,0,0
7/3/2023,45.00,,,45.00,0.00,0,0,0
6/30/2023,45.00,,,45.00,0.00,0,0,0
6/29/2023,45.00,,,45.00,0.00,0,0,0
6/28/2023,45.00,,,45.00,0.00,0,0,0
6/27/2023,45.00,,,45.00,0.00,0,0,0
6/26/2023,45.00,,,45.00,0.00,0,0,0
6/23/2023,45.00,,,45.00,0.00,0,0,0
6/22/2023,45.00,45.00,45.00,45.00,0.00,"1,741","78,345","78,345"
6/21/2023,45.00,45.00,45.00,45.00,9.76,625,"28,125","28,125"
6/20/2023,41.00,,,41.00,0.00,0,0,0
6/19/2023,41.00,,,41.00,0.00,0,0,0
6/16/2023,41.00,,,41.00,0.00,0,0,0
6/15/2023,41.00,,,41.00,0.00,0,0,0
6/14/2023,41.00,,,41.00,0.00,0,0,0
6/13/2023,41.00,,,41.00,0.00,0,0,0
6/12/2023,41.00,41.00,41.00,41.00,7.89,"2,926","119,966","119,966"
6/9/2023,38.00,,,38.00,0.00,0,0,0
6/8/2023,38.00,,,38.00,0.00,0,0,0
6/7/2023,38.00,,,38.00,0.00,0,0,0
6/6/2023,38.00,,,38.00,0.00,0,0,0
6/5/2023,38.00,,,38.00,0.00,0,0,0
6/1/2023,38.00,38.00,38.00,38.00,0.00,100,"3,800","3,800"
5/31/2023,38.00,,,38.00,0.00,0,0,0
5/30/2023,38.00,,,38.00,0.00,0,0,0
5/29/2023,38.00,,,38.00,0.00,0,0,0
5/26/2023,38.00,,,38.00,0.00,0,0,0
5/25/2023,38.00,,,38.00,0.00,0,0,0
5/23/2023,38.00,,,38.00,0.00,0,0,0
5/22/2023,38.00,,,38.00,0.00,0,0,0
5/19/2023,38.00,,,38.00,0.00,0,0,0
5/18/2023,38.00,,,38.00,0.00,0,0,0
5/17/2023,38.00,,,38.00,0.00,0,0,0
5/16/2023,38.00,,,38.00,0.00,0,0,0
5/15/2023,38.00,,,38.00,0.00,0,0,0
5/12/2023,38.00,,,38.00,0.00,0,0,0
5/11/2023,38.00,,,38.00,0.00,0,0,0
5/10/2023,38.00,,,38.00,0.00,0,0,0
5/9/2023,38.00,,,38.00,0.00,0,0,0
5/8/2023,38.00,,,38.00,0.00,0,0,0
5/5/2023,38.00,,,38.00,0.00,0,0,0
5/4/2023,38.00,,,38.00,0.00,0,0,0
5/3/2023,38.00,,,38.00,0.00,0,0,0
5/2/2023,38.00,,,38.00,0.00,0,0,0
4/28/2023,38.00,,,38.00,0.00,0,0,0
4/27/2023,38.00,,,38.00,0.00,0,0,0
4/26/2023,38.00,,,38.00,0.00,0,0,0
4/25/2023,38.00,,,38.00,0.00,0,0,0
4/24/2023,38.00,,,38.00,0.00,0,0,0
4/20/2023,38.00,38.00,38.00,38.00,8.57,765,"29,070","29,070"
4/19/2023,35.00,35.00,35.00,35.00,0.00,"1,012","35,420","35,420"
4/18/2023,35.00,,,35.00,0.00,0,0,0
4/13/2023,35.00,,,35.00,0.00,0,0,0
4/12/2023,35.00,,,35.00,0.00,0,0,0
4/11/2023,35.00,,,35.00,0.00,0,0,0
4/10/2023,35.00,,,35.00,0.00,0,0,0
4/7/2023,35.00,,,35.00,0.00,0,0,0
4/6/2023,35.00,,,35.00,0.00,0,0,0
4/5/2023,35.00,,,35.00,0.00,0,0,0
4/4/2023,35.00,,,35.00,0.00,0,0,0
4/3/2023,35.00,,,35.00,0.00,0,0,0
3/31/2023,35.00,,,35.00,0.00,0,0,0
3/30/2023,35.00,35.00,35.00,35.00,0.00,631,"22,085","22,085"
3/29/2023,35.00,,,35.00,0.00,0,0,0
3/28/2023,35.00,,,35.00,0.00,0,0,0
3/27/2023,35.00,,,35.00,0.00,0,0,0
3/24/2023,35.00,,,35.00,0.00,0,0,0
3/23/2023,35.00,,,35.00,0.00,0,0,0
3/22/2023,35.00,,,35.00,0.00,0,0,0
3/21/2023,35.00,,,35.00,0.00,0,0,0
3/20/2023,35.00,,,35.00,0.00,0,0,0
3/17/2023,35.00,,,35.00,0.00,0,0,0
3/16/2023,35.00,,,35.00,0.00,0,0,0
3/15/2023,35.00,,,35.00,0.00,0,0,0
3/14/2023,35.00,,,35.00,0.00,0,0,0
3/13/2023,35.00,,,35.00,0.00,0,0,0
3/10/2023,35.00,,,35.00,0.00,0,0,0
3/9/2023,35.00,,,35.00,0.00,0,0,0
3/8/2023,35.00,,,35.00,0.00,0,0,0
3/7/2023,35.00,,,35.00,0.00,0,0,0
3/6/2023,35.00,,,35.00,0.00,0,0,0
3/3/2023,35.00,,,35.00,0.00,0,0,0
3/2/2023,35.00,,,35.00,0.00,0,0,0
3/1/2023,35.00,35.00,35.00,35.00,0.00,320,"11,200","11,200"
2/28/2023,35.00,,,35.00,0.00,0,0,0
2/27/2023,35.00,,,35.00,0.00,0,0,0
2/24/2023,35.00,,,35.00,0.00,0,0,0
2/23/2023,35.00,,,35.00,0.00,0,0,0
2/22/2023,35.00,,,35.00,0.00,0,0,0
2/21/2023,35.00,,,35.00,0.00,0,0,0
2/20/2023,35.00,,,35.00,0.00,0,0,0
2/17/2023,35.00,,,35.00,0.00,0,0,0
2/16/2023,35.00,,,35.00,0.00,0,0,0
2/15/2023,35.00,,,35.00,0.00,0,0,0
2/14/2023,35.00,,,35.00,0.00,0,0,0
2/13/2023,35.00,,,35.00,0.00,0,0,0
2/10/2023,35.00,35.00,35.00,35.00,-22.22,671,"23,485","23,485"
2/9/2023,45.00,45.00,45.00,45.00,32.35,100,"4,500","4,500"
2/8/2023,34.00,,,34.00,0.00,0,0,0
2/7/2023,34.00,,,34.00,0.00,0,0,0
2/6/2023,34.00,,,34.00,0.00,0,0,0
2/3/2023,34.00,,,34.00,0.00,0,0,0
2/2/2023,34.00,,,34.00,0.00,0,0,0
2/1/2023,34.00,,,34.00,0.00,0,0,0
1/31/2023,34.00,,,34.00,0.00,0,0,0
1/30/2023,34.00,,,34.00,0.00,0,0,0
1/27/2023,34.00,,,34.00,0.00,0,0,0
1/26/2023,34.00,34.00,34.00,34.00,-15.00,561,"19,074","19,074"
1/25/2023,40.00,,,40.00,0.00,0,0,0
1/24/2023,40.00,,,40.00,0.00,0,0,0
1/23/2023,40.00,,,40.00,0.00,0,0,0
1/20/2023,40.00,40.00,40.00,40.00,2.56,64,"2,560","2,560"
1/18/2023,39.00,,,39.00,0.00,0,0,0
1/17/2023,39.00,,,39.00,0.00,0,0,0
1/16/2023,39.00,,,39.00,0.00,0,0,0
1/13/2023,39.00,,,39.00,0.00,0,0,0
1/12/2023,39.00,,,39.00,0.00,0,0,0
1/11/2023,39.00,,,39.00,0.00,0,0,0
1/10/2023,39.00,,,39.00,0.00,0,0,0
1/9/2023,39.00,,,39.00,0.00,0,0,0
1/5/2023,39.00,,,39.00,0.00,0,0,0
1/4/2023,39.00,,,39.00,0.00,0,0,0
1/3/2023,39.00,,,39.00,0.00,0,0,0
11/14/2024,16.00,,,16.00,0.00,0,0,0
11/13/2024,16.00,,,16.00,0.00,0,0,0
11/12/2024,16.00,,,16.00,0.00,0,0,0
11/11/2024,16.00,,,16.00,0.00,0,0,0
11/8/2024,16.00,,,16.00,0.00,0,0,0
11/7/2024,16.00,,,16.00,0.00,0,0,0
11/6/2024,16.00,,,16.00,0.00,0,0,0
11/5/2024,16.00,,,16.00,0.00,0,0,0
11/4/2024,16.00,,,16.00,0.00,0,0,0
11/1/2024,16.00,,,16.00,0.00,0,0,0
10/31/2024,16.00,,,16.00,0.00,0,0,0
10/30/2024,16.00,,,16.00,0.00,0,0,0
10/29/2024,16.00,,,16.00,0.00,0,0,0
10/28/2024,16.00,,,16.00,0.00,0,0,0
10/25/2024,16.00,,,16.00,0.00,0,0,0
10/24/2024,16.00,,,16.00,0.00,0,0,0
10/22/2024,16.00,,,16.00,0.00,0,0,0
10/21/2024,16.00,,,16.00,0.00,0,0,0
10/18/2024,16.00,,,16.00,0.00,0,0,0
10/17/2024,16.00,,,16.00,0.00,0,0,0
10/16/2024,16.00,,,16.00,0.00,0,0,0
10/15/2024,16.00,,,16.00,0.00,0,0,0
10/14/2024,16.00,16.00,16.00,16.00,0.00,"2,700","43,200","43,200"
10/10/2024,16.00,,,16.00,0.00,0,0,0
10/9/2024,16.00,,,16.00,0.00,0,0,0
10/8/2024,16.00,,,16.00,0.00,0,0,0
10/7/2024,16.00,,,16.00,0.00,0,0,0
10/4/2024,16.00,,,16.00,0.00,0,0,0
10/3/2024,16.00,,,16.00,0.00,0,0,0
10/2/2024,16.00,16.00,16.00,16.00,0.00,449,"7,184","7,184"
10/1/2024,16.00,,,16.00,0.00,0,0,0
9/30/2024,16.00,,,16.00,0.00,0,0,0
9/27/2024,16.00,,,16.00,0.00,0,0,0
9/26/2024,16.00,,,16.00,0.00,0,0,0
9/25/2024,16.00,,,16.00,0.00,0,0,0
9/24/2024,16.00,16.00,16.00,16.00,-15.79,349,"5,584","5,584"
9/23/2024,19.00,,,19.00,0.00,0,0,0
9/20/2024,19.00,,,19.00,0.00,0,0,0
9/19/2024,19.00,,,19.00,0.00,0,0,0
9/18/2024,19.00,,,19.00,0.00,0,0,0
9/17/2024,19.00,,,19.00,0.00,0,0,0
9/16/2024,19.00,,,19.00,0.00,0,0,0
9/13/2024,19.00,,,19.00,0.00,0,0,0
9/12/2024,19.00,,,19.00,0.00,0,0,0
9/11/2024,19.00,,,19.00,0.00,0,0,0
9/10/2024,19.00,,,19.00,0.00,0,0,0
9/6/2024,19.00,,,19.00,0.00,0,0,0
9/5/2024,19.00,,,19.00,0.00,0,0,0
9/4/2024,19.00,,,19.00,0.00,0,0,0
9/3/2024,19.00,,,19.00,0.00,0,0,0
9/2/2024,19.00,,,19.00,0.00,0,0,0
8/30/2024,19.00,,,19.00,0.00,0,0,0
8/29/2024,19.00,,,19.00,0.00,0,0,0
8/27/2024,19.00,,,19.00,0.00,0,0,0
8/26/2024,19.00,,,19.00,0.00,0,0,0
8/23/2024,19.00,,,19.00,0.00,0,0,0
8/22/2024,19.00,,,19.00,0.00,0,0,0
8/21/2024,19.00,,,19.00,0.00,0,0,0
8/20/2024,19.00,,,19.00,0.00,0,0,0
8/19/2024,19.00,,,19.00,0.00,0,0,0
8/16/2024,19.00,,,19.00,0.00,0,0,0
8/15/2024,19.00,,,19.00,0.00,0,0,0
8/14/2024,19.00,,,19.00,0.00,0,0,0
8/13/2024,19.00,,,19.00,0.00,0,0,0
8/12/2024,19.00,,,19.00,0.00,0,0,0
8/9/2024,19.00,,,19.00,0.00,0,0,0
8/8/2024,19.00,,,19.00,0.00,0,0,0
8/7/2024,19.00,,,19.00,0.00,0,0,0
8/6/2024,19.00,,,19.00,0.00,0,0,0
8/5/2024,19.00,,,19.00,0.00,0,0,0
8/1/2024,19.00,19.00,19.00,19.00,-5.00,120,"2,280","2,280"
7/31/2024,20.00,,,20.00,0.00,0,0,0
7/30/2024,20.00,,,20.00,0.00,0,0,0
7/29/2024,20.00,,,20.00,0.00,0,0,0
7/26/2024,20.00,,,20.00,0.00,0,0,0
7/25/2024,20.00,,,20.00,0.00,0,0,0
7/24/2024,20.00,,,20.00,0.00,0,0,0
7/23/2024,20.00,,,20.00,0.00,0,0,0
7/22/2024,20.00,,,20.00,0.00,0,0,0
7/19/2024,20.00,,,20.00,0.00,0,0,0
7/18/2024,20.00,,,20.00,0.00,0,0,0
7/17/2024,20.00,,,20.00,0.00,0,0,0
7/16/2024,20.00,,,20.00,0.00,0,0,0
7/15/2024,20.00,,,20.00,0.00,0,0,0
7/12/2024,20.00,,,20.00,0.00,0,0,0
7/11/2024,20.00,,,20.00,0.00,0,0,0
7/10/2024,20.00,,,20.00,0.00,0,0,0
7/9/2024,20.00,,,20.00,0.00,0,0,0
7/8/2024,20.00,,,20.00,0.00,0,0,0
7/5/2024,20.00,,,20.00,0.00,0,0,0
7/4/2024,20.00,,,20.00,0.00,0,0,0
7/3/2024,20.00,,,20.00,0.00,0,0,0
7/2/2024,20.00,,,20.00,0.00,0,0,0
7/1/2024,20.00,,,20.00,0.00,0,0,0
6/28/2024,20.00,,,20.00,0.00,0,0,0
6/27/2024,20.00,,,20.00,0.00,0,0,0
6/26/2024,20.00,,,20.00,0.00,0,0,0
6/25/2024,20.00,,,20.00,0.00,0,0,0
6/24/2024,20.00,,,20.00,0.00,0,0,0
6/20/2024,20.00,,,20.00,0.00,0,0,0
6/19/2024,20.00,,,20.00,0.00,0,0,0
6/18/2024,20.00,,,20.00,0.00,0,0,0
6/17/2024,20.00,,,20.00,0.00,0,0,0
6/14/2024,20.00,,,20.00,0.00,0,0,0
6/13/2024,20.00,,,20.00,0.00,0,0,0
6/12/2024,20.00,,,20.00,0.00,0,0,0
6/11/2024,20.00,20.00,20.00,20.00,-56.52,300,"6,000","6,000"
6/10/2024,46.00,,,46.00,0.00,0,0,0
6/7/2024,46.00,,,46.00,0.00,0,0,0
6/6/2024,46.00,,,46.00,0.00,0,0,0
6/5/2024,46.00,,,46.00,0.00,0,0,0
6/4/2024,46.00,,,46.00,0.00,0,0,0
6/3/2024,46.00,,,46.00,0.00,0,0,0
5/31/2024,46.00,,,46.00,0.00,0,0,0
5/30/2024,46.00,,,46.00,0.00,0,0,0
5/29/2024,46.00,,,46.00,0.00,0,0,0
5/28/2024,46.00,,,46.00,0.00,0,0,0
5/27/2024,46.00,,,46.00,0.00,0,0,0
5/23/2024,46.00,,,46.00,0.00,0,0,0
5/22/2024,46.00,,,46.00,0.00,0,0,0
5/21/2024,46.00,,,46.00,0.00,0,0,0
5/20/2024,46.00,,,46.00,0.00,0,0,0
5/17/2024,46.00,,,46.00,0.00,0,0,0
5/16/2024,46.00,,,46.00,0.00,0,0,0
5/15/2024,46.00,,,46.00,0.00,0,0,0
5/14/2024,46.00,,,46.00,0.00,0,0,0
5/13/2024,46.00,,,46.00,0.00,0,0,0
5/10/2024,46.00,,,46.00,0.00,0,0,0
5/9/2024,46.00,,,46.00,0.00,0,0,0
5/7/2024,46.00,,,46.00,0.00,0,0,0
5/2/2024,46.00,,,46.00,0.00,0,0,0
4/30/2024,46.00,,,46.00,0.00,0,0,0
4/29/2024,46.00,,,46.00,0.00,0,0,0
4/26/2024,46.00,,,46.00,0.00,0,0,0
4/25/2024,46.00,,,46.00,0.00,0,0,0
4/23/2024,46.00,,,46.00,0.00,0,0,0
4/22/2024,46.00,,,46.00,0.00,0,0,0
4/19/2024,46.00,,,46.00,0.00,0,0,0
4/18/2024,46.00,,,46.00,0.00,0,0,0
4/17/2024,46.00,,,46.00,0.00,0,0,0
4/16/2024,46.00,,,46.00,0.00,0,0,0
4/15/2024,46.00,,,46.00,0.00,0,0,0
4/12/2024,46.00,,,46.00,0.00,0,0,0
4/11/2024,46.00,,,46.00,0.00,0,0,0
4/9/2024,46.00,,,46.00,0.00,0,0,0
4/8/2024,46.00,,,46.00,0.00,0,0,0
4/5/2024,46.00,,,46.00,0.00,0,0,0
4/4/2024,46.00,,,46.00,0.00,0,0,0
4/3/2024,46.00,,,46.00,0.00,0,0,0
4/2/2024,46.00,,,46.00,0.00,0,0,0
4/1/2024,46.00,,,46.00,0.00,0,0,0
3/29/2024,46.00,,,46.00,0.00,0,0,0
3/28/2024,46.00,,,46.00,0.00,0,0,0
3/27/2024,46.00,,,46.00,0.00,0,0,0
3/26/2024,46.00,,,46.00,0.00,0,0,0
3/25/2024,46.00,,,46.00,0.00,0,0,0
3/22/2024,46.00,,,46.00,0.00,0,0,0
3/21/2024,46.00,,,46.00,0.00,0,0,0
3/20/2024,46.00,,,46.00,0.00,0,0,0
3/19/2024,46.00,,,46.00,0.00,0,0,0
3/18/2024,46.00,,,46.00,0.00,0,0,0
3/15/2024,46.00,,,46.00,0.00,0,0,0
3/14/2024,46.00,,,46.00,0.00,0,0,0
3/13/2024,46.00,,,46.00,0.00,0,0,0
3/12/2024,46.00,,,46.00,0.00,0,0,0
3/11/2024,46.00,,,46.00,0.00,0,0,0
3/8/2024,46.00,,,46.00,0.00,0,0,0
3/7/2024,46.00,,,46.00,0.00,0,0,0
3/6/2024,46.00,,,46.00,0.00,0,0,0
3/5/2024,46.00,,,46.00,0.00,0,0,0
3/4/2024,46.00,,,46.00,0.00,0,0,0
3/1/2024,46.00,,,46.00,0.00,0,0,0
2/29/2024,46.00,,,46.00,0.00,0,0,0
2/28/2024,46.00,,,46.00,0.00,0,0,0
2/27/2024,46.00,,,46.00,0.00,0,0,0
2/26/2024,46.00,,,46.00,0.00,0,0,0
2/23/2024,46.00,,,46.00,0.00,0,0,0
2/22/2024,46.00,,,46.00,0.00,0,0,0
2/21/2024,46.00,,,46.00,0.00,0,0,0
2/20/2024,46.00,,,46.00,0.00,0,0,0
2/19/2024,46.00,,,46.00,0.00,0,0,0
2/16/2024,46.00,,,46.00,0.00,0,0,0
2/15/2024,46.00,,,46.00,0.00,0,0,0
2/14/2024,46.00,,,46.00,0.00,0,0,0
2/13/2024,46.00,,,46.00,0.00,0,0,0
2/12/2024,46.00,,,46.00,0.00,0,0,0
2/9/2024,46.00,,,46.00,0.00,0,0,0
2/8/2024,46.00,,,46.00,0.00,0,0,0
2/7/2024,46.00,,,46.00,0.00,0,0,0
2/6/2024,46.00,,,46.00,0.00,0,0,0
2/5/2024,46.00,,,46.00,0.00,0,0,0
2/2/2024,46.00,,,46.00,0.00,0,0,0
2/1/2024,46.00,,,46.00,0.00,0,0,0
1/31/2024,46.00,,,46.00,0.00,0,0,0
1/30/2024,46.00,,,46.00,0.00,0,0,0
1/29/2024,46.00,,,46.00,0.00,0,0,0
1/26/2024,46.00,,,46.00,0.00,0,0,0
1/25/2024,46.00,,,46.00,0.00,0,0,0
1/24/2024,46.00,,,46.00,0.00,0,0,0
1/23/2024,46.00,,,46.00,0.00,0,0,0
1/22/2024,46.00,,,46.00,0.00,0,0,0
1/18/2024,46.00,,,46.00,0.00,0,0,0
1/17/2024,46.00,,,46.00,0.00,0,0,0
1/16/2024,46.00,,,46.00,0.00,0,0,0
1/15/2024,46.00,,,46.00,0.00,0,0,0
1/12/2024,46.00,,,46.00,0.00,0,0,0
1/11/2024,46.00,,,46.00,0.00,0,0,0
1/10/2024,46.00,,,46.00,0.00,0,0,0
1/9/2024,46.00,,,46.00,0.00,0,0,0
1/5/2024,46.00,,,46.00,0.00,0,0,0
1/4/2024,46.00,,,46.00,0.00,0,0,0
1/3/2024,46.00,,,46.00,0.00,0,0,0
1/2/2024,46.00,,,46.00,0.00,0,0,0
